text,label
"Tgl. Parker auf dem Radweg, trotz mehrfacher Meldung bei d. Parkraumüberwachung wird dort nicht selbstständig kontrolliert, zwei Radlerinnen kommen nicht aneinander vorbei.",Hindernis
Viel zu lange Autos parken auf den Schrägparkplätzen zum Teil auch mit den Rädern am schlechter beleuchteten Radweg Jetzt gerade waren es 4 oder 5 Autos und das passiert ständig.,Gefahrenstelle
Ampel für Radfahrer defekt seit 2 Wochen,Ampel
Wegen der Baustelle (vermute ich) ist da ein Fahrverbotsschild (ausgenommen Zufahrt oder so). Da sollte Fahrrad auch ausgenommen sein.,Markierung oder Schild
Der Weg ist die direkte Verbindung vom Schöpfwerk zum Bahnhof Meidling. In der Pottendorfer Straße existiert auch ein entsprechender Radweg. Leider ist im Franz-Siller-Weg das Radfahren verboten.,Lückenschluss
der Steg ist im Verlauf der Hauptradroute U4 Meildinger Hauptstraße - Schloss Hetzendorf ist nur über Stufen zu passieren Ideal wäre die Errichtung einer Rampe woe zB Höhe Rosenhügelstraße,Hindernis
"Ob eine provisorische Endhaltestelle ist, weiß ich nicht, aber die Situation in Hebragasse ist äußerst unangenehm. Es ragen einige Autos über die Parkflächen hinaus. Lösung wären Längsparkplätze.",Hindernis
Ist das die erwähnte Abschrägung (am Beginn der Terramaregasse) und ist sie noch zu steil (oder bereits entschärft)?,Hindernis
Das Häuschen (Wiener Netze?) wurde entfernt bzw. AFAIK verkleinert und versetzt,Hindernis
Breite Spalten zwischen den Betonplatten im Gleiskörper sind groß genug dass ein Fahrradreifen hineinpasst. An dieser ungeregelten Kreuzung besteht dadurch erhöhte Sturzgefahr vor dem Querverkehr.,Hindernis
Die Schwellen sind sehr ärgerlich.,Hindernis
"Die Fahrradspur am Fahrbahnrand auf der Bachseite wird im Winter nicht geräumt. Das macht das Radfahren hier noch gefährlicher, besonders in der Kurve.",Hindernis
Da steht ein unbeschildertes Baustellengitter von der Baustelle über 100% des Radweg.,Hindernis
Bahnübergang S-Bahnstation Lobau,Hindernis
Diese Stelle wird schlimmer geworden stat verbessert. Jetzt da steht Fahrradverbot Verkehrszeichen und der Übergang über die Bahnbrücke ist seit Monate gespert..,Hindernis
"Anstatt wie früher einfach geradeaus von der Müller-Guttenbrunn-Straße weiter in die Linzer Straße stadtauswärts zu fahren, sind jetzt offenbar komplexe Fahrmanöver mit Seitenwechsel und Ampel-Warteze...",Hindernis
Der neue Radweg in der Viehmarkt kann an der Kreuzung mit der Landstraßer Hauptstraße auf dem Fahrrad weder befahren noch verlassen werden.,Hindernis
"Die extrem schmale Mölkerbastei ist fast immer unpassierbar, da beidseitig parkende Autos und Lieferwagen die Straße blockieren. Schade, denn diese clevere Abkürzung würde die Fahrt durch die alptraum...",Hindernis
"Die erst kürzlich neu asphaltierte Straße hier ist zu einem Flickenteppich aus Schlaglöchern und Pfützen geworden. Irgendwie hat die Stadt Wien es geschafft, Asphalt unangenehmer zu machen als Kopfste...",Hindernis
Kurz nach der Ampfel ist für GravelbikerInnen und RennradfahrerInnen ein ziemlich gefährlicher Kanaldeckel (Bodenwelle). Zudem ist hier noch kein Mehrzweckstreifen eingezeichnet. Was diese Stelle dadu..,Hindernis
Hier liegt seit geraumer Zeit ein demontiertes Verkehrs-Schild mitsamt Stange am Radweg herum. Ist nur eine frage der zeit bis sich jemand daran verletzt.,Hindernis
Sperre der Durchfahrt bei Freie Mitte aufgrund von Abrissarbeiten der ÖBB bis voraussichtlich Anfang,Hindernis
Beim neuen Radweg wurde eine Auffahrtsrampe vergessen. Wenn man von der Marianne-Hainisch-Gasse Richung Rennweg/Simmeringer Haupptstr. fährt und nach links in der Rinnböckstraße Richtung Simmering au..,Hindernis
bei dieser querung am neuen radweg hütteldorfer strasse fahren regelmässig autos auf den radweg um dann beim fließverkehr hütteldorfer zu warten. damit blockieren sie die durchfahrt am radweg,Hindernis
wenn man ueber die kreuzung bei der augartenbruecke faehrt also von wilhelm kienzel park in ruth maier park steht quasi mitten auf dem radweg ein radwegschild und eine radampel die den weg einengt!,Hindernis
"Mittlerweile ist dieser Weg wegen Umbauarbeiten komplett gesperrt. Für Ost-West-Routen (bei mir bisher entlang Kirchfeldgasse, Wundtgasse, Riedelgasse) muss man nun weiter nach Südwest bis zur Walter",Hindernis
"Ob eine provisorische Endhaltestelle ist, weiß ich nicht, aber die Situation in Hebragasse ist äußerst unangenehm. Es ragen einige Autos über die Parkflächen hinaus. Lösung wären Längsparkplätze.",Hindernis
"Wo die Zahnradbahn Straße in die Eroicagasse mündet sollte eine Gehsteigabschrägung gemacht werden das würde Radfahrern, Kinderwagen und Behinderten die Benutzung erleichtern.",Hindernis
Durchgang oft am oberen Ende mit Auto verparkt. Man kommt teilweise mit dem Kinderwagen kaum durch,Hindernis
"Bei der Einfahrt zum dortigen Geh- und Radweg ist nur eine kleine, versetzte Rampe, ansonsten nur ein hoher Randstein. Dieser sollte auf Straßenniveau abgeflacht werden.",Hindernis
"Seit kurzem leicht übersehbares Loch in der Fahrbahn, Durchmesser ca 15cm und tief genug, für einen Sturz!",Hindernis
"Hier ist ein breiter Schranken, an dem man kaum (bzw. nur mit Absteigen und daneben das Fahrrad schieben) kaum vorbeikommt. Mit Anhänger wäre es komplett unmöglich.",Hindernis
"Die hier einbiegenden Linienbusse haben gegenüber dem Radweg Vorrang. Trotzdem sollten die Randsteine komplett abgesenkt werden und nicht mehreren cm hoch sein, was zum Ruinieren von Felgen und Speichen beiträgt und ein Unfallrisiko sein kann.",Hindernis
"Hier Stehen seit Monaten Absperrgitter herum. Diese sind eine Gefahr, sollte man mal einem entgegenkommenden ausweichen müssen.",Hindernis
Der Geh- und Radweg wird beidseitig an einem Mast vorbeigeführt. In Fahrtrichtung Innenstadt verjüngt sich der Radweg auf 44 cm. Fährt gerade eine Straßenbahn wechseln viele Radler spontan auf die Gegenrichtung.,Hindernis
"Der kombinierte Fuß- und Radweg ist in einem schlechten Zustand. Ohnehin eher schmal für Fußgänger und Radfahrer zusammen ist der Asphalt sehr uneben, zahlreiche Löcher und Wellen der Bäume zieren fast die gesamte Länge des Radweges an der Hermesstraße.",Hindernis
Die Fahrbahn ist in beide Richtungen nicht besonders angenehm zu befahren.,Hindernis
"Hier existiert ein Fuß- und Radweg, doch leider ohne Aufschrägung. Mit Mountainbikes kann man da vielleicht rauffahren, aber mit Straßenräder sicher nicht, ohne sich die Felge zu beschädigen.",Hindernis
Auf dieser Brücke fehlt eine Stufenauflage / Schiene für Fahrräder.,Hindernis
"Diese Radroute ist trotz ihrer Priorität und Bedeutung im Alltagsverkehr nicht einmal wetterfest (Nässe, Schnee) asphaltiert. Als Alltagsroute (somit auch bei Schlechtwetter) somit nicht brauchbar",Hindernis
"Der Radweg Wien 23., Liesingbach endet beim Rathaus. Die Überquerung des Liesinger Hauptplatzes und das Fahrverbot der Unterführung ÖBB-Südbahn ist mühsam..",Hindernis
Ein Problem ist schon einmal der Ampelrückstau an dieser Stelle und zu wenig Platz zum ansonsten eralubten rechts vorfahren.,Hindernis
Der Fahrradstreifen gegen die Einbahn in der Fröhlichgasse (gegenüber ONr. 56) ist häufig durch parkende PKW verstellt.,Hindernis
"Eine neu errichtete Barriere vor der Straßenquerung, die viel zu knapp und eng bemessen ist. Verlang zu viel Konzentration sich dort duchzzschleusen, sodass keine Konzentration für den Verkehr mehr bleibt.",Hindernis
"Obwohl EuroVelo ist diese Radroute nicht einmal wetterfest (Nässe, Schnee) asphaltiert. Als Alltagsroute (somit auch bei Schlechtwetter) somit nicht brauchbar)",Hindernis
Schon den dritten Tag hintereinander blockiert hier ein anderes Fahrzeug die Einmündung des Weges in die Draschestraße,Hindernis
"Hier ist der hohe Bordstein zwischen Mischweg (Fußgänger + Fahrrad) und Straße nicht abgesenkt, was sowohl für Fahrradfahrer als auch Kinderwägen, Rollstuhlfahrer etc. problematisch ist,",Hindernis
Rad-Basisnetz nach jedem Regen unbefahrbar. Sehr ärgerlich.,Hindernis
Nach jedem Regen ist die Unterführung überflutet.,Hindernis
"Die Befestigung des Weges mit Schotter wurde erneuert, nur zwei Stellen mit üblen und kaum zu überwältigenden Kopfsteinpflaster wurden belassen und nicht Radfahrfreundlich ersetzt",Hindernis
Die Gleise an dieser Stelle werden offensichtlich längst nicht mehr verwendet und sollten daher entfernt werden.,Hindernis
"Keine Rampe, nur Stufen und ein provisorisches Brett.",Hindernis
"Die UPS-Fahrer parken gerne direkt vor der Haustür halb am Gehsteig (beschädigt diesen, da der Gehsteig nicht für solche Belastungen dimensioniert ist) und halb am sehr schmalen Radstreifen.",Hindernis
Hier stehen regelmäßig Mistkübel am Mehrzweckstreifen.,Hindernis
Immer wieder blockieren Querparker den Radweg und beinträchtigen dadurch die Sicherheit,Hindernis
"An der Ecke bei der PVA ist der Randstein schon so weit in den Asphalt eingesunken, dass da ein ziemliches ""Schlagloch"" entstanden ist",Hindernis
Entwässerung defekt. Nach Regenfällen ist der Radweg immer in seiner vollen Breite überschwemmt.,Hindernis
"Beim baustellenbedingten Umdrehen der Einbahn (ausgenommen Fahrrad) wurde das ""ausgenommen Fahrrad"" ""vergessen.",Hindernis
Von der Kaiserallee kommend blocken zu eng gestellte Betonklötze die Auffahrt auf die Südportalstraße.,Hindernis
"Der Radweg von der Wehlistraße zur Rampe Praterbrücke ist durch hereinragendes Gebüsch eingeengt. Auch wenn der Weg nicht so stark benutzt ist, sollte das Gebüsch beschnitten werden.",Hindernis
"Morgens zwischen ca. 0730-0900 (werktags) wird die Kreuzung in Fahrtrichtung Schottentor immer wieder durch KFZ verstellt, die die Kreuzung in ihrer Ampelphase nicht mehr verlassen.",Gefahrenstelle
"Radweg endet, weil Fahrbahn insgesamt schmaler wird. Autofahrer sehen das nicht, dass hier eine Linie aufhört, fahren einfach auf ""ihrem"" Platz gerade weiter. Dabei könnten sie auf die Gleise ausweichen (Hier keine Sperrlinie deshalb).",Gefahrenstelle
"Sicheres Abbiegen von der Hörlgasse in die Währingerstraße Richtung Schottentor ist nur möglich, wenn man zwei Autofahrstreifen kreuzt, um auf die linke Spur zu kommen. Es wäre ein Radweg mit Abbiegespur in der ganzen Hörlgasse gut.",Gefahrenstelle
"Große Kollisionsgefahr am Radstreifen zwischen Radfahrern, Theaterbesuchern und aussteigenden Straßenbahnpassagieren. Zusätzlich verschärft durch Fiaker und Taxis. Unfallgefahr sehr hoch.",Gefahrenstelle
Zwischen Hörlgasse und Universitätsstr. fahren (größere) Autos und LKWs viel zu oft auf dem Fahrradstreifen. Es kommt hier regelmäßig zu gefährlichen Situationen.,Gefahrenstelle
"Autofahrer von links kommend, sehen uns Radfahrer oft nicht, da sie nur ihren Blick nach Rechts gerichtet haben. Ein Hinweisschild für die Autofahrer, dass hier ein Radweg kreuzt wäre vom Vorteil.",Gefahrenstelle
Leider verleitet der Fahrreadstreifen hier die PKW-Fahrer zu knapp an den Radfahrenden vorbeizusausen. Bin schon von Seitenspiegeln touchiert worden.,Gefahrenstelle
"An diser Stelle teilt sich der RAdweg, in der Mitte steht ein Baum und da ist eine Stolperfalle eingebaut, wenn man hier nicht aufpasst, bei viel radverkehr etwas vonm Weg abkommt,""fällt "" man da rein und es kommt zu einem Sturtz",Gefahrenstelle
"Die Autofahrer von der Renngasse kommend und nach links in Richtung Am Hof einbiegend übersehen leicht, dass Radfahrer auf dem Radstreifen von links kommen, der gegen die Einbahn verläuft. Eine bessere Beschilderung,",Gefahrenstelle
"Fahrzeuge, die von der Herrengasse in die Bankgasse abbiegen, rechnen nicht mit Radfahrer aus der Bankgasse. Verkehrsspiegel anbringen würde den Radfahrern helfen, die unübersichtliche Kreuzung besser einzusehen.",Gefahrenstelle
Das Kopfsteinplaster am Michaelerplatz ist in einem schlechten Zustand und morgens uebrigens auch gerne nass und daher recht rutschig da haeufig gereinigt wird,Gefahrenstelle
Kurve wird von Autofahrern geschnitten. Im Kreisel werden gerne Fiaker überholt. Insbesondere Taxifahrer geben hier gar nichts auf entgegenkommende Radfahrer.,Gefahrenstelle
"Der Radstreifen gegen die Einbahn in der Augustinerstraße ist eine Gefahrenstelle, insbesondere was Einbiegende von der Spiegelgasse/Lobkowitzplatz bzw. von der Habsburgergasse betrifft. Daneben ist der Radstreifen durch Ladetätigkeit bzw.",Gefahrenstelle
Der Straßenbelag ist hier Richtung Graben in einem wirklich sehr schlechten Zustand.,Gefahrenstelle
"Von der Seilergasse kommend hat man eigentlich Rechtsvorrang, allerdings wirkt dieser etwas unintuitiv, weil die Plankengasse gerade verläuft. Vielleicht ein ""Vorrang geben"" spendieren?",Gefahrenstelle
"Man darf zwar mit dem Rad gegen die Einbahn fahren, aufgrund der querparkenden, oft sehr großen Autos ist es aber sehr eng und die entgegenkommenden Autos sind oft zu schnell.",Gefahrenstelle
"Touristen, Radverkehr, Bim und KFZ treffen hier an einer recht unklaren Stelle zusammen.",Gefahrenstelle
"Die Durchfahrt zwischen Ampelpfosten, Verkehrstafeln usw. ist viel zu eng,",Gefahrenstelle
"Sehr gefährliche Überfahrt, vor allem vom Schubertring kommend. Abbiegende Autos sind mit hoher Geschwindigkeit unterwegs.",Gefahrenstelle
"Der Radfahrüberfahrt wurde so zwischen Ampel, Straßenschilder und Bäume gequetscht, dass es für zwei Radfahrende die sich an dieser Stelle entgegen kommen nicht möglich ist ungefährlich aneinander vorbeizufahren.",Gefahrenstelle
"Wurde heute von einem nach rechts abbiegenden Auto angefahren. Gerade aus für Fahrrad, sowie rechts abbiegen für Autos war grün. (und Lenker am Handy!)",Gefahrenstelle
"Die Fahrbahn hat schon sehr viele Schlaglöcher. Mag vielleicht für Autos egal sein. Wenn man kein Mountainbike hat, ist die Straße ordentlich holprig!",Gefahrenstelle
"Der Radstreifen gegen die Einbahn zwischen Baumgasse und Kardinal-Nagl-Platz ist zu schmal und vor allem für Kinder viel zu gefährlich. Zudem ist es vor allem im Bereich der Kurve recht unübersichtlich und bei Gegenverkehr viel zu eng, man muss ja auch auf aufgehende Türen achten.",Gefahrenstelle
"Zwischen Keinergasse und Steingasse verläuft ein stark benutzter Radweg. Es wäre der Sicherheit dienlich, wenn dies auch für den Verkehr auf der Landstraßer Hauptstraße ersichtlich wäre. Vor allem durch entsprechende Bodenmarkierung, die den Wechsel abzweigender Radfahrer markiert.",Gefahrenstelle
"Wenn man als Radfahrer hier geradeaus in die Landstraßer Hauptstraße fahren möchte, wird man oft von dem entgegenkommenden, linksabbiegenden Autos übersehen, da diese gleichzeitig grün haben.",Gefahrenstelle
"Am Radweg wurde ein Metallpfosten entfernt, die verbleibende Halterung ist scharfkantiges Metall und steht ca. 7 cm aus dem Asphalt hervor. Wer den übersieht hat zumindest einen Patschen, schlimmer noch einen Unfall",Gefahrenstelle
"Bei der Einmündung des Radweges ""Am Kanal"" in die Straße ""Am Kanal"" ist die Sicht nach links durch parkende Fahrzeuge verstellt. Lösung: letzter Parkplatz entfernen und baulich gegen Falschparken absichern",Gefahrenstelle
"Bei der Einmündung des Radweges in die Grillgasse befindet sich ein Gebüsch, dass die Sicht zwischen Straße und Radweg fast komplett behindert. Lösung: Gebüsch komplett entfernen (nicht nur zurückschneiden).",Gefahrenstelle
"Der Radweg ist hier entlang der Schlemmerstraße relativ schmal (anfangs (richtung Stadtauswärts), im Verlauf wird es dann plötzlich besser). Zwei begegnende Radfahrer in vollem Tempo sind oder nur kaum sicher möglich.",Gefahrenstelle
"Will man hier die Himberger Straße zum Radweg Richtung Leopoldsdorf queren, so ist dies aufgrund einer fehlenden Radüberfahrt nur sehr unsicher möglich.",Gefahrenstelle
"Die Ketzergasse ist auf der gesamten Länge wirklich ungut zu fahren, gibt es hier überhaupt Alternativrouten oder Pläne für eine Verbesserung?",Gefahrenstelle
"Diese Glascheibenkante, die genau am Radweg endet, ist in der Nacht unsichtbar und kann extrem Gefährlich werden.",Gefahrenstelle
"Hier dürfen Fahrräder stadtauswärts in die Ketzergasse einbiegen (für Autofahrer nicht erlaubt, da Einbahnstraße) Es ist kaum möglich, sich hier gut und sicher zum geradeausfahren einzuordnen.",Gefahrenstelle
Trotz der 30er Zone fahren Autofahrer mit deutlich überhöhter. Geschwindigkeit. Ein Autofahrer wollte mich von der Straße drängen mit Kind am Kindersitz.,Gefahrenstelle
In diesem Bereich der Hütteldorfer Straße sind mittlerweile sehr große Spalten zwischen den Betonplatten der Straßenbahnschienen und dem Asphalt. Das ist entsprechend unfallträchtig.,Gefahrenstelle
An dieser Stelle treten manchmal Leute recht plötzlich auf die Fahrbahn und sind durch die parkenden Fahrzeuge nur schlecht sichbar.,Gefahrenstelle
Radstreifen wird von 4-spurigen Fahrzeugen (va. von Bussen & LKWs) oft geschnitten die damit Radfahrende massiv gefährden.,Gefahrenstelle
es gibt keinen gesicherten Radweg um die Kendlerstraße in Richtung Sporckplatz zu überqueren. Es gibt einen Radüberweg neben dem Zebrastreifen: dieser ist allerdings nur für Radfahrende aus der anderen Richtung gedacht,Gefahrenstelle
Dieser Radweg ist deutlich zu schmal für einen Zweirichtungsweg. Hier muss bei Gegenverkehr zwangsläufig auf den nur durch eine Trennlinie getrennten ebenfalls schmalen Gehweg ausgewichen werden.,Gefahrenstelle
"Die Kurve am Radweg ist viel zu scharf und schlecht einsichtig, wenn man schnell unterwegs ist, ist die Gefahr von Kollisionen sehr groß. (",Gefahrenstelle
Das Überqueren an dieser Stelle ist für Radfahrende problematisch. Autofahrer haben vorrang und auch bei Stauung wird die Überqueren für den Hauptradweg von Autofahrenden selten frei gelassen. Eine Markierung auf dem Boden oder per Schild würde die Situation entschärfen,Gefahrenstelle
"Bei der Ausfahrt vom Mistplatz rollen Kfz immer wieder schwungvoll heraus bis über den Radstreifen (bis zur Linie, die den Radstreifen von der allgemeinen Fahrbahn abgrenzt). Der angebrachte Verkehrsspiegel bringt hier leider kaum was.",Gefahrenstelle
Die hohe Abbiegegeschwindigkeit von PKW bringt Radfahrende oft in gefährliche Situationen. Die Umsetzung mit aufgeklebten Reflektoren entlang der Markierung ist leider unzureichend. Die hohen Kurvengeschwindigkeiten und geringen Überholabstände bleiben.,Gefahrenstelle
"An der Kreuzung Gersthofer Straße/Kreuzgasse Richtung Gersthofer Platzl endet der Radweg, sodass rechtsabbiegende Autofahrer*innen theoretisch Vorrang haben - was eine Unfallgefahrenstelle darstellt.",Gefahrenstelle
KFZ fahren hier zu schnell und achten nicht auf Rechtskommende. Ca. 50% der Fahrzeuge fahren ohne zu schauen und ohne Geschwindigkeitsreduktion durch.,Gefahrenstelle
"Vom Aumannplatz am Radweg kommend begegnet man Autos die in die Gegenrichtung fahren, quasi im Kreuzungsbereich. Man kann nicht parallel aneinander vorbeifahren. Das ist sehr unübersichtlich, zumal es auch Straßenbahn und Abbieger gibt.",Gefahrenstelle
"Im moment ist total unklar wo man hier fahren kann mit Rad, Jeder tag andere Situation.",Gefahrenstelle
"Wenn der Radweg hier noch ein bisserl schmäler wäre, könnte man ihn nur mehr mit Dackelschneidern befahren (derzeit streift nur der Lenker am Gebüsch)",Gefahrenstelle
"Der Radweg zwischen Rathaus und Universität ist in einem extrem schlechten Zustand. Ich habe schon Radfahrer gesehen, die auf den Schlaglöchern und Rissen die Kontrolle verloren haben,",Gefahrenstelle
Wurzeln heben den Belag an und beschädigen ihn. Nachts ist das durch den Schatten der Bäume mit einer Standard-Radbeleuchtung nicht auszumachen. Es besteht teilweise Sturzgefahr.,Gefahrenstelle
Die Radwegampel mit Freigabetaster ist sehr knapp an der Kreuzung montiert. Wenn an dieser Stelle auf die Grünphase gewartet wird besteht Lebensgefahr. Die Ampel wird regelmäßig von Fahrzeugen beschädigt.,Gefahrenstelle
"Durch die Baustelle enden die Radwege im Bauzaun bzw. führen sogar in den Gegenverkehr, keine Umleitung und auch keine Beschilderung. Völlig unklar wie man hier als Radfahrer fahren sollte",Gefahrenstelle
Die Fortsetzung des Liesingbachradweges führt über die Ampeanlage Liesinger Platz Richtung Brietenfurterstraße. Eine Haltelinie für Radfahrer vor der für Kraftfahrer würde die Situation für die Radfahrer entspannen. Die Gefahr von den Kraftfahrern übersehen zu werden ist erheblich.,Gefahrenstelle
Nur ortskundige Autofahrer wissen dass sie bei Betriebs- und Geschäftseinfahrten einen Rad- und Fußgängerweg queren. Täglich biegen Autofahrer in Einfahrten ein ohne zu schauen oder abzubremsen. Täglich erlebe ich auf einem vermeintlich sicheren Radweg unangenehme Situationen.,Gefahrenstelle
"Hier ragt ein Stopschild über den Radweg, genau in Kopfhöhe. Bin neugierig wie lange es dauert bis es aufgerichtet wird. (Rautenweg stadtauswärts kurz vor dem Tierquartier)",Gefahrenstelle
Übergang Radweg / Fahrbahn Agavenweg: Seit dem Umbau /Anschluss des Radwegs Mayredergasse ist die Schwelle zur Fahrbahn zu hoch (ca 5cm). Bei normaler Geschwindigkeit wird das Rad beschädigt,Gefahrenstelle
"Zwei breite, wenig genutzte Gehsteige, aber die Radstreifen sind auf der Fahrbahn auf der Verkehr mit >60km/h vorbeirauscht.",Gefahrenstelle
"Die neu errichtete Unterführung hat keinen baulich getrennten Radweg, obwohl die Autos hier extrem schnell unterwegs sind. Die Überleitung auf den Radweg nach der Unterführung erfolgt über die Geradeaus-Spur, weshalb man hoffen muss nicht von einem Auto abgeschossen zu werden.",Gefahrenstelle
Gefährliche Kreuzung: Hoher Kurvenradius ermutigt zu schnellem Abbiegen und dabei wird die Radaufstellfläche überfahren.,Gefahrenstelle
Bitte synchronisieren mit Kreuzung Marxergasse/Invalidenstr.,Ampel
"Für Fahrräder gibt es hier eine eigene Ampel, welche noch grün ist, während die Fußgängerampel bereits rot ist. Die Fahrradampel ist für abbiegende Autofahrer jedoch nicht sichtbar. Diese sehen die rote Fußgängerampel und sind der Meinung, freie Fahrt zu haben.",Ampel
Aus unverständlichen Gründen ist die Ampelschaltung für Radfahrer und Fußgänger deutlich kürzer grün als die parallel vorhandene Ampel ür die EInbieger zum Ring.,Ampel
"sinnlose Rad-Ampel für Radler am äußeren Burgring-Radweg: die Einbahn ist gut überschaubar, Straßenbahn & Bus mit der Ampel nicht mitgeregelt und daher auch bei grün zu beachten",Ampel
"Die Ampel, welche das Einfahren von Autos aus der Bellariastr. auf den Ring regelt, ist grün. Die parallele Rad-/Fußgängerampel zur Querung des Rings ist noch 3 sec länger rot.",Ampel
"Die Fahrradampel an der Kreuzung ist erst wenige Meter vor der Kreuzung sichtbar, da sie von einer Straßenlaterne verdeckt wird. Das wird zur Gefahr wenn die Straßenampel noch grün ist aber die Radampel nicht mehr.",Ampel
Unverständliche Ampelschaltung von der Breite Gasse kommend: Straßenbahn hat viel früher als Individualverkehr rot und blockiert dann Durchfahrt.,Ampel
"Diese Ampel sollte angesichts des überschaubaren Verkehrsaufkommens entfernt werden. Derartige Anlagen verlocken ohnehin dazu, ignoriert zu werden, und sind somit kontraproduktiv.",Ampel
"Es ist unverständlich, warum die Ampelregelung, wenn es schon auf Wunsch der Wiener Linien (?) eine geben muss, nicht wie an der Kreuzung mit der Capistrangasse ist.",Ampel
"Leider kommt es dabei oftmalig vor, dass die Ampeln auf der Mariahilfer Straße (Kreuzungen Kirchengasse und Neubaugasse) rot geschaltet sind, ohne dass überhaupt ein KfZ/ Bus da wäre, der den entsprechenden Vorrang nutzen könnte.",Ampel
Ampel sollte wegen sehr überschaubarem Verkehrsaufkommen entfernt werden.,Ampel
"Die Ampel Ecke Schaurhofergasse-Operngasse ist schlecht programmiert. Die Grünphase für Autos kommend von der Schaurhofergasse ist sehr lange, obwohl meistens nur 0-5 Autos warten",Ampel
"Ampelschaltung seit dieser Woche katastrophal. Egal ob stadtaus- oder einwärts. Es geht sich immer so aus, dass man bei jeder Ampel in der Operngasse rot hat.",Ampel
rechts abbiegen bei Rot oder ohne Ampel bitte. Ist das nicht beinahe eine geschützte Kreuzung? Kommend vom Getreidemarkt rechts Abbiegen in die Wienzeile ist ungut gelöst.,Ampel
Eine Bedarfsampel für Radfahrer an einer Hauptradroute über eine einspurige Straße mit geringem Verkehrsaufkommen ist ein No-Go.,Ampel
"Bitte Ampel entfernen. Kostet viel, bringt wenig und verschlechtert die Situation. Schutzweg ist ausreichend.",Ampel
"Ich verstehe nicht, warum nach Umbau der Argentinierstraße jetzt die Ampel deutlich verkürzt geschaltet wurde. Ich habe nicht mitgestoppt, aber auf der Argentinierstraße ist nur für wenige Sekunden grün (ca 15-20) während auf der Weyringerstraße mindest doppelt bis dreifach so lange grün ist.",Ampel
Die Ampelschaltung ist nicht fahrradfreundlich. Die Grünphase auf der Weyringerstrasse ist deutlich länger als in der Argentinierstrasse,Ampel
"Hier wird anscheinend erwartet, die Kreuzung etappenweise zu überqueren, falls man aus der Argentinierstraße kommen auf den Radweg Richtung Osten will.",Ampel
"Als Radfahrende Person von der Argentinierstraße kommend den Gürtel zu überqueren in die Gertrude- Fröhlich Sandnerstraße ist in einer Ampelphase derzeit nicht möglich. Es geht sich bei durchschnittlicher Geschwindigkeit zeitlich nicht aus. Ich finde so sollten Radfahrende gegenüber dem Autoverkehr nicht benachteiligt sein,",Ampel
"Soll man hier tatsächlich einen Ampelumlauf warten, um sich zum Queren des Gürtels aufzustellen, und dann noch einen bis zum tatsächlichen Queren?",Ampel
Von der Karl Popper Straße (Süden) kommend über den Gürtel ist die Zeit zum Räumen der Kreuzung äußerst knapp angesetzt (7 Sek ab gelb bis Autofahrer am Gürtel wieder grün haben).,Ampel
"Mehrere Ampelschaltungen hintereinander sind überhaupt nicht aufeinander abgestimmt und im 100 Meter Takt hintereinander so nah beeinander, daß nur sinnloses Stehen die Folge ist.",Ampel
Die Ampel erkennt auf der Linksabbiegespur der Ghegastraße (Nordosten) Richtung Arsenalstraße (Südosten) nicht zuverlässig Radfahrer.,Ampel
"Es wäre hilfreich, wenn Radfaher von er Alfred-Adler Straße auf der Radspur kommend bei der Ampel auch links abbiegen könnten ansatt nur gerade aus zu dürfen.",Ampel
"Warum ist nicht schon vor der aktuellen Grünphase für die RadfahrerInnen grün? Da biegen PKWs von der nördlichen Arsenalstraße in die Ghegastraße ein, es gibt auch sonst keine Verkehrskreuzungen,",Ampel
Das Abbiegen aus der Faradaygasse Richtung Norden in die Franz-Grill-Straße Richtung Norden funktioniert gut. In die andere Richtung leider gar nicht. Hier gibt es leider keine sinnvolle Linksabbiegelösung,Ampel
"Hier ist für Geradeaus und Rechts noch ewig Rotlicht, während zum Linkabbiegen und Queren des Werkstättenweges zu Fuß Grünlicht zu sehen ist.",Ampel
"Bitte keine Bedarfsampeln. Eigentlich allgemein nicht, zumindest aber nicht mit aktiv zu betätigendem Druckknopf. Diese Kreuzungen sind mühsam.",Ampel
"Eine der lächerlichsten Ampeln von Wien, vom Typ ""Private Ausfahrt wird geregelt, die zufällig in eine größere Kreuzung mündet"". Habe ich noch nie in Verwendung gesehen",Ampel
"An dieser Stelle vom Radweg Simmeringer Hauptstraße zum Zentralfriedhof / 2. Tor gibt es nur Fußgängerampeln, jedoch für Radfahrer keine Blockmarkierungen / Radfahrerampel.",Ampel
"Auch nach dem Umbau dieser Querung bleibt eine Ampel, die erst über eine Schaltfläche aktiviert werden muss. Hier sollte es wenigstens eine automatische Erkennung und idealerweise eine ""intelligente"" Steuerung mit sofortiger Grünschaltung geben,",Ampel
"An dieser Stelle sind getrennte Signale für den Fußweg und den Radweg. Sie sind aber offenbar gleichgeschaltet. Das Fahrradsignal sollte aber später rot werden, weil hier keine so lange Räumzeit nötig ist.",Ampel
"Die Situation beim Abbiegen in die Bahnhofstraße wird irgendwie immer schlimmer. Ich kann mich noch an die Zeit erinnern, wo diese Kreuzung ampelfrei und wahrscheinich stressfreier zu befahren war als heute.",Ampel
"Die Ampeln auf der Sandleitengasse/Maroltingergasse sind komplett ""verschalten"", d.h. es herrscht rote Welle. Wenn zum 3.",Ampel
Grünpfeil zum rechts abbiegen aus der Hernalser in die Hormayrgasse wäre hilfreich und sinnvoll,Ampel
Grünpfeil für Fahrradfahrer um nicht an der Ampel warten zu müssen.,Ampel
Die Radfahrerampel schaltet zeitgleich mit der Fußgängerampel auf Rot. Die Grünphase für Radfahrer müsste verlängert werden.,Ampel
Ampelphase für Radfahrer ist viel zu kurz und vom Timing her in beide Richtungen fast nicht zu schaffen. Der Autoverkehr zum Mc Donalds hat eine längere Grünphase.,Ampel
Fußgänger und Radfahrer haben bereits rot während die Kfz-Linksabbieger noch eine Grünphase haben. Das Verkehrsaufkommen rechtfertigt diese Bevorzugung des Autoverkehrs nicht.,Ampel
Die Räumzeit nach der Grünphase von der Lazarettgasse kommend ist viel zu kurz für Radfahrer die links in Richtung währinger abbiegen. Wenn beim ersten grünen Blinker noch mit drüber gefahren wird kommt einem auf der anderen Seite schon der Gegenverkehr in die Spur. 5 sek.,Ampel
"Wenn man von Süden kommt, könnte man eigentlich bequem bei rot abbiegen, da man auf einem Radweg bleiben kann und sehr wenige Autos von der Lazarettgasse in die Sensengasse fahren und die Fußgänger stehen müssen. Ein Grünpfeil wäre hier angebracht.",Ampel
"Sinnlose Ampel- Fußgängerübergang, der über die halbe Straße fürjrt und dann direkt in den Straßenbahnschienen endet. Ärgerliche unnötige Zeitverzögerung für Radfahrer!",Ampel
"Diese Ampel wäre ein klassischer Fall für ""Rechts bei Rot"" - va. wenn es stimmt, dass die Baustelle hier noch 5 JAHRE lang bestehen bleibt! Es gibt keinen Quervekehr bei Rot, außer den Radweg auf der Alser Straße.",Ampel
"Aufgrund der Umleitung im Baustellenbereich befindet man sich nach Querung der Universitätsstraße so nahe an der provisorischen Ampelanlage, dass sie nicht zu sehen ist. Viele Radfahrerinnen queren daher die Rathausstraße nach Versicherung dass die Kreuzung frei ist.",Ampel
"Wenn man hier aus der Richtung Sptalgasse die Währingerstraße kommt und in Richtung Ring fährt, ist es unmöglich hier mit einer grünen Phase über beide Ampeln zu kommen - 5 Sekunden mehr Grünphase würden hier schon einen essentiellen Unterschied machen.",Ampel
Die Ampelschaltung von der Innenstadt kommend ist aus dem Takt mit jener Ampel an der Kreuzung Währinger Straße / Ring. Das war bis vor der Baustelle nicht der Fall. Bitte dies zu korrigieren.,Ampel
Fehlende Rad-Ampel für Querung des Schottenrings Richtung SO,Ampel
"Bei der Ampel Schottenring-Kai gab es die ""Grün""Phase für die Straßenbahn nur wenn auch tatsächlich eine gefahren ist. Jetzt haben sowohl Fußgänger/Radfahrer als auch Autofahrer gemeinsam geraume Zeit rot auch wenn keine Straßenbahn kommt. Falls das nicht Absicht ist, ist vielleicht der Sensor defekt oder so?",Ampel
"Wenn man von der Hollandstraße oder Obere Donaustraße von Norden kommt, ist die Ampelschaltung viel zu kurz. Ich fahre dort jeden Tag und jedes mal schaltet sie vor meiner Nase auf rot.",Ampel
"Hier gibt es eine Fussgängerampel, aber kein für Radfahrer. Das Problem, die Fussgängerampel schaltet viel früher auf rot. Wenn ich nun als Radfahrer weiterfahre, glauben die meisten Autofahrer ich hätte bereits rot.",Ampel
"Paradebeispiel für zwei absolut unsynchronisierte Ampeln. Die Ampel von der Dominikanerbastei ist rot, dafür die Fahrrad/Fußgänger Ampel auf anderen Seite grün und vice versa.",Ampel
"Ampel über Franz-Josefs-Kai, stadteinwärts: Es gibt Städte, die in den letzten Jahren die Situation für Radfahrer*innen massiv verbessert haben und auch weiter an einer Verbesserung arbeiten (u.a. Paris). Und dann gibt es Wien: Die Ampel über den Franz-Josefs-Kai war immer schon problematisch, da die Grünphase oftmals mit der querenden Straßenbahn kollidiert, die Wegführung ist schwierig und unübersichtlich.Jetzt wurde auch noch die Grünphase für Radfahrer*innen verkürzt!",Ampel
Die Ampelphase für Radfahrer*innen und Fußgänger*innen ist zu kurz! Durch die unterschiedlichen Phasen für den Autoverkehr (u.a. Linksabbieger in die Untere Donaustraße) müssen die oben genannten ewig warten.,Ampel
"Wenn RadfahrerInnen sich auf der Linksabbiegerspur des Radwegs einreihen, verdecken sie die Sicht auf die Radampel. Lösungsvorschlag: Radampel höher hängen.",Ampel
Beim Praterstern von der Praterstraße zur Lassallestraße fahrend muss man mindestens 3x stehen bleiben.,Ampel
Der Radverkehr kann zur Querung der Ernst-Melchior-Gasse entlang der Lassallestraße eine deutlich längere Grünphase vertragen. Für mich unverständlich wie früh der Radverkehr (im gegensatz zur parallel führenden Fahrbahn) bereits rot bekommt.,Ampel
"aus unbekannten günden bekommt nach der neuerrichtung der ampelanlage der radverkehr auf dem ""radhighway"" erst einige sekunden nach der ampel für die fahrbahn grün",Ampel
Die Radfahrampel parallel Seyringer Straße Richtung Ficker-Straße zeigt seit Monaten kein grün. Mein Pech und es ist immer die Lampe/Leuchte defekt. Oder kontrolliert die MA *irgendwas* zufällig immer in der Rotphase?,Ampel
"An der offiziellen MTB-Strecke Kahlenbergerdorf ist ein Fahrverbot-Schild angebracht (ausgenommen Wirtschaftsfuhren), obwohl es sich um eine offizielle Radstrecke handelt.",Markierung oder Schild
"Es herrscht ein allgemeines Fahrverbot ohne Fahrrad-Ausnahme obwohl es sich um eine öffentliche Straße handelt. Es sollte ein ""ausgenommen Fahrrad"" Schild ergänzt werden.",Markierung oder Schild
"Das Schild ""Keine Zufahrt zum Kahlenberg"" ist irreführend, da das Fahrverbot nicht für Radfahrer gilt. Eine korrekte Beschilderung würde vor allem Freizeitradlern helfen.",Markierung oder Schild
"Radroute-Schilder mit der Beschriftung ""Donaukanalweg"" lotsen Radfahrer in eine falsche Richtung. Die angezeigte Route führt nicht zum Donaukanal sondern zu einer ungeeigneten Einmündung.",Markierung oder Schild
"Bei Einfahrt in die Bahn-Unterführung Mooslackengasse wurde schon vor längerer Zeit das Radweg-Schild Richtung Boschstraße entfernt, sodass hier einige Fußgänger am ohnehin sehr schmalen Radweg unterwegs sind. Wahrscheinlich ist das Schild hinter den USB-Platten der Baustelle versteckt.",Markierung oder Schild
"In der Muthgasse fehlen zumindest Radfahrstreifen, die Straße ist breit genug und wichtiger Zubringer zum Donaukanal, derzeit aber eher Autorennstrecke insbes. von Mooslackengasse stadtauswärts.",Markierung oder Schild
"An dieser Stelle fehlt offenbar seit einem Umbau ein ""Ausgenommen Fahrrad"" bei einem Rechtsbbiegegebot. Dadurch ist es nicht legal möglich, fahrend auf den Donaukanalweg zu gelangen (speziell nach Norden).",Markierung oder Schild
Das Radweg-Schild Richtung Boschstraße bei der Unterführung Mooslackengasse wurde entfernt. Dadurch sind Fußgänger auf dem schmalen Radweg unterwegs.,Markierung oder Schild
Der neue Radweg führt mittels Sperrlinie rechts in die Boschstraße. Eine sichere Eingliederung in den Verkehr Richtung Heiligenstätterstraße ist ohne Überfahren der Sperrlinie nicht möglich.,Markierung oder Schild
Vor der Ampel fehlt ein markierter Wartebereich für Radfahrende. Autolenker versuchen sich an wartenden Radfahrern vorbeizuquetschen. Zusätzlich fehlt ein ausreichend breiter Radstreifen.,Markierung oder Schild
"Hier befindet sich ein merkwürdiger, benutzungspflichtig ausgeschilderter Radweg (ca. 5m lang, auf dem linkseitigen Gehsteig an der Döblinger Hauptstraße Richtung Norden). Das macht überhaupt keinen Sinn, bitte entfernen!",Markierung oder Schild
"Für die Einbahn der Umleitung in der Peter-Jordan-Straße besteht eine Ausnahme für Radfahrer, diese ist aber am Beginn der Umleitung nicht angekündigt.",Markierung oder Schild
Fahrradwegmarkierung fehlt.,Markierung oder Schild
"In der Nedergasse ist ein RgE markiert, aber es gibt kein entsprechendes Schild/einen Zusatz am Einbahnschild.",Markierung oder Schild
Markierungen sind hier schon sehr alt und schwer erkennbar,Markierung oder Schild
An der Ampel P-J-Straße Richtung Hardtgasse fehlt ein vorgezogener Aufstellstreifen (Fahrradschleuse?)! In der Praxis stellen sich die meisten Radfahrer sowieso vor den Autos auf... mehr Platz dafür wäre wünschenswert.,Markierung oder Schild
"Grundsätzlich wäre ein Schild - Abstand 1,5 m zu Radfahrenden bei Tempo über 30 sinnvoll. Obwohl es hier eine 30 Zone ist.",Markierung oder Schild
"Im Anschluss an den Radweg/Skywalk fährt man in eine für Radfahrer freigegebene Fußgängerzone. Vom Skywalk aus kommend ist diese aber nicht gekennzeichnet (oder so schlecht angebracht, dass ich das Schild trotz mehrmaligem, aufmerksamen Hinsehen nicht erkennen konnte)",Markierung oder Schild
"Hier konnte sich die Behörde scheinbar nicht entscheiden, ob sie eine Radfahrüberfahrt verordnen will:- Blockmarkierung: Ja-Verkehrszeichen ""Fahrradüberfahrt"": Ja- Verkehrszeichen ungültig, weil nur links: Nein",Markierung oder Schild
keine Bodenmarkierung - Radweg ist für Fußgänger nicht als solcher erkennbar. Durch die Randsteine ist ein Ausweichen schwer möglich; der Radweg ist sehr eng.,Markierung oder Schild
"Kreuzung Semperstraße X Gentzgasse: LKW ist illegalerweise auf Gehsteig gefahren und hat Schild verbogen, wobei die Zusatztafel sich um 90° verdreht hat. Bitte in Ordnung bringen! Danke!",Markierung oder Schild
"In der Sechsschimmelgasse befindet sich vor der Kreuzung mit dem inneren Gürtel (Fahrtrichtung stadteinwärts) ein Linksabbiegegebot. Für den MIV ist das in Anbetracht der Einbahnregelung korrekt, allerdings verbietet es das Rechtsabbiegen auf den Gürtelradweg (Zweirichtungsradweg). Hier wäre eine Zusatztafel ""ausgenommen Fahrrad"" notwendig!",Markierung oder Schild
An der Kreuzung mit dem Währinger Gürtel steht ein Linksabbiegegebot ohne Ausnahme für Radfahrer. Dadurch ist das Geradeausfahren in die Fuchsthallergasse illegal obwohl an der vorherigen Kreuzung eine Ausnahme für Fahrräder besteht.,Markierung oder Schild
"Nach einem Beinaheunfall und mehreren engen Situationen wäre es sinnvoll, dem Radverkehr die Möglichkeit zu bieten, sich bereits an der Ampel vor dem PKW Verkehr zu platzieren, damit dieser im Kreuzungsbereich nicht überholen kann.",Markierung oder Schild
"Es fehlt die Möglichkeit sich irgendwo zum indirekten rechts/links-Abbiegen in die Fuchsthallergasse abzubiegen. Stelt man sich am Radweg für die Weiterfahrt in jene Gasse auf, ist man den Linksabbiegern Richtung Wühringer Straße im Weg.",Markierung oder Schild
"In der Wilhelm-Exner-Gasse wurde ein Rechtsabbiege-Gebotsschild aufgestellt das eine wichtige Radverbindung illegalisiert. Eine Zusatztafel ""ausgenommen Radverkehr"" wäre notwendig.",Markierung oder Schild
"Hier fehlt die Zusatztafel ""ausgenommen Radfahrer"", damit man als Radler auch untertags rechts abbiegen darf.",Markierung oder Schild
"Das Geradeausgebot an der Kreuzung Währinger Straße/Spitalgasse gilt auch für Radfahrer obwohl auf der Spitalgasse ein Radfahrstreifen vorhanden ist. Eine Zusatztafel ""ausgenommen Fahrrad"" wäre notwendig.",Markierung oder Schild
"Schild ""Rechtsabbiegen bei Rot für Radfahrende erlaubt"" fehlt. Man biegt hier in eine Radspur ein.",Markierung oder Schild
Das Linksabbiegen in die Währinger Straße ist für Radfahrer unsicher da kein eigener Abbiegestreifen vorhanden ist. Zwischen Ende des Radstreifens und der Kreuzung fehlt eine klare Markierung für Radfahrer.,Markierung oder Schild
"An der Ampel Spitalgasse Ecke Lazarettgasse fehlt ein Schild ""Rechtsabbiegen bei Rot für Radfahrende erlaubt"". Man biegt hier in eine Radspur ein.",Markierung oder Schild
"Obwohl hier eine Hauptradroute ist, befindet sich hier fast ständig ein provisorisches Durchfahrtverbotsschild, das nur Einsatzfahrzeuge ausnimmt. -> Zusatztafel!",Markierung oder Schild
Fahrradmarkierung in der RUMMELHARDTGASSE fast nicht mehr erkennbar,Markierung oder Schild
Die Fahrradmarkierungen entlang der Alser Strasse sind abgefahren und schlecht ersichtlich. Gefahr weil viel Verkehr bei engen Strassenführung.,Markierung oder Schild
"Radfahrerinnen bzw. Radfahrer, die aus der Alser Straße kommend nach links in die Spitalgasse wollen, müssen in die Spur für Rechtsabbieger, um dann ein Stück gerade auszufahren, an der Linie zu halten und dann nach links abzubiegen. Sinnvoll wäre wohl eine Bodenmarkierung bei LSA der Alser Straße vor der Ecke Lange Gasse für Radfahrer, die dann vor den Fahrzeugen warten können, bei Grün gerade ausfahren und dann nach links abbiegen.",Markierung oder Schild
"Dafür, dass hier ein reiner Radweg ausgeschildert ist, befinden sich hier zu viele Fußgänger. Oft ist schnelles Vorankommen (es geht zumindest in einer Richtung bergab) nicht möglich und man verpasst die ohnehin kurze Grünphase bei Querung Hernalser Hauptstraße. Wie dies zu lösen ist kann ich nicht sagen.",Markierung oder Schild
"Verlängerte Kinderspitalgasse, stadtauswärts, unter der U6 durch, stadtauswärtige Ample: Hier dürfen Radfahrer *nur rechts* abbiegen Warum?! Am Gürgelradweg darf man in beide Richtungen radeln. Bitte: wenigstens linksabbiegen erlauben.",Markierung oder Schild
"Dies betrifft nicht nur die Florianigasse, sondern alle neuen ""Einfahrt verboten"" Schilder, auf denen die ""ausgenommen Fahrrad"" Beschriftung jetzt integriert ist. Früher gab es ein eigenes rechteckiges Schild unter den eigentlichen ""Einfahrt Verboten"" Schildern, jetzt aber ist dieser Vermerk auf die Tafel aufgeklebt- seht klein, in einer dünnen Schrift, die von Weitem nur schwer erkennbar ist. Ich muss immer recht nahe an das Schild heranfahren um zu erkennen ob ich in die Straße einfahren darf oder nicht, weil sich die Schrift so schlecht vom Hintergrund abhebt.",Markierung oder Schild
"Beim nun erlaubten Radfahren gegen die Einbahn in der Florianigasse ist hier und an anderen Seitengassen offenbar Rechtsvorrang vorgesehen. Wenn schon, dann sollte an sämlichten Kreuzungen für alle Rechtsvorrang gelten (außer vielleicht bei der Busquerung) und auch die Ampeln entfernt werden.",Markierung oder Schild
"Werte Damen und Herren, Albertgasse Ecke Josefstädterstraße befindet sich derzeit eine Baustelle der Wiener Linien. Die Durchfahrt für Kfz ist gesperrt, für Radfahrer leider auch. Obwohl der Radweg fein säuberlich freigehalten wurde, steht hier , wie zufleiß hingestellt, ein Fahrverbot für Radfahrer.",Markierung oder Schild
Hier (im Bereich der Fußgänger/Rad-Ampel von der U6-Station zur Gaullachergasse) wurde der Belag erneuert und auf die Markierung für die Radfahrer vergessen(?). Jedenfalls ist eine gut sichtbare (!) Markierung von der Abzweigung vom Radweg (hier ist sie noch kurz vorhanden. allerdings sehr unauffällig) bis zur Gaullachergasse nötig.,Markierung oder Schild
"Das Linksabbiegen von der Neulerchenfelder Straße auf den äußeren Gürtelradweg in Richtung Norden ist nicht sehr intuitiv. Korrekterweise muss man wohl dem Schienenverlauf in Richtung Südosten folgen, um dann scharf nach links auf den Radweg abzubiegen. Viele Radler/innen kreuzen hier den Gürtel mit 90 Grad, oder weichen auf einen der Schutzwege aus.",Markierung oder Schild
"Die Markierung für den RgE sollte über die gesamte Länge gehen, da Fahrzeuge, die an der Ampel Neulerchenfelder Straße warten, oft sehr nah an der falschen Fahrbahnseite stehen.",Markierung oder Schild
"Links- oder Geradeaus-Fahrgebot Richtung Gürtel. Hier fehlt die Zusatztafel ""Ausgenommen Radfahrer"". Kirchstetterngasse ist ja für Radfahrer jetzt offen gegen die Einbahn.",Markierung oder Schild
Fehlender Wegweiser zur Pfeilgasse am Gürtelradweg.,Markierung oder Schild
"Wenn man am Bus/Radstreifen die Neustiftgasse hochfährt steht man hier oft bei einer roten Ampel obwohl die von links kommenden Fahrzeuge auf ihre Eigene spur einbiegen und damit keine Gefahr für die Radfahrer darstellen. Hier wäre eine gute Position für ein ""gerade aus fahren bei rot für Radfahrer"" Schild.",Markierung oder Schild
Beim Linksabbiegen in die Westbahnstraße gibt es keinen Wartebereich für Radfahrer. Man muss auf dem Autostreifen warten was zu gefährlichen Situationen führt.,Markierung oder Schild
"Ich bin der Meinung, dass an dieser Stelle der Mehrzweckstreifen auf der linken Seite der Fahrbahn entfern gehört. Er ist nicht konform mit dem Rechtsfahrgebot und zwingt die Radfahrer zu einem unnötigen und potentiell gefährlichen Spurwechsel kurz vor der Kreuzung+Ampel.",Markierung oder Schild
Ein kurzer Radweg mit Benützungspflicht mündet nach einer Kurve 90° in den Gürtel ein. Für Radfahrer die in die Felberstraße einfahren wollen ist dieser Radweg gefährlich.,Markierung oder Schild
"An der Kreuzung Seidengasse/Kaiserstraße steht für Radfahrer, die von stadtauswärts (z.B. vom Gürtelradweg oder von der Goldschlagstraße) kommen eine Stopptafel zur Querung der Kaiserstraße, die allerdings wirklich perfekt von einem Baum verdeckt ist. Man sieht sie erst wenige Meter vor der Kreuzung - dabei ist diese Kreuzung mit der Straßenbahnquerung nicht gerade ungefährlich.",Markierung oder Schild
"Ein Rechtsabbiegeverbot macht es Radfahrern unmöglich von der Mariahilferstraße auf den Gürtelradweg abzubiegen. Eine Zusatztafel ""ausgenommen Fahrräder"" fehlt.",Markierung oder Schild
"Radwegmarkierung falsch. Keine Nutzungspflicht (Taferl), Bodenmarkierung rund statt eckig.",Markierung oder Schild
Bessere Beschilderung des Weges in die Ullmannstraße.,Markierung oder Schild
"Der Fuß- und Radweg zwischen Sterkgasse und U4 Margaretengürtel hat eigentlich keine Benützungspflicht, jedoch steht man stadtauswärts vor einem ""Einfahrt verboten"" Schild. Bitte eine Ausnahme für Radfahrer hinzufügen.",Markierung oder Schild
Ein kurzes Stück Radweg mit Benützungspflicht unterbricht den Fließverkehr. Nach wenigen Metern muss man sich wieder einordnen und die Bodenmarkierungen ermöglichen keine Geradeausfahrt.,Markierung oder Schild
"Ein ""Einfahrt verboten"" Schild steht mitten im Kreuzungsbereich und unterbindet die Querung der Reinprechtsdorfer Straße für Radfahrer die auf der Margaretenstraße weiterfahren wollen.",Markierung oder Schild
"Hier ist jetzt nach dem Radweg-Stück durch die Unterführung ein mit Beton-Elementen abgetrennter Streifen. Wahrscheinlich ein Dauer-Provisorium anlässlich der U-Bahn-Baustelle. Bitte klarstellen, ob das ein Gehsteig oder ein Geh- und Radweg sein soll.",Markierung oder Schild
"Ein Verkehrszeichen verbietet das Befahren mit Fahrrädern, die Zusatztafel zeigt jedoch auf den offiziellen Gehweg. Dadurch werden Radfahrer und Fußgänger gezwungen den Tankstellenbereich zu durchqueren.",Markierung oder Schild
Das Radwegschild bei der Einmündung in den Liesinger Platz wird aufgrund der unübersichtlichen Verkehrssituation oft übersehen. Radfahrer fahren intuitiv gegen die Einbahn und werden von der Polizei gestraft.,Markierung oder Schild
"Hier fehlt eine Verbindung auf der Prager-Straße zwischen der Mayerweckstraße und der in Langenzersdorf liegenden Nebenfahrbahn der Wiener Straße. Nebenbei wäre ein Gehsteig auch toll, Platz wäre ausreichend vorhanden.",Lückenschluss
"Es fehlt ein Fahhradweg auf der gesamten Krottenbachstraße sowohl auf der rechten als auch auf der linken Fahrbahnseite. Da die Straße in beiden Richtungen ziemlich stark befahren ist, stellt dies für Radfahrer eine potentielle Gefahrenzone dar.",Lückenschluss
Fahrradweg auf der Rußbergstraße von der Straßenbahnhaltestelle 26 bis Anton-Böckgasse beidseitig verlängern.,Lückenschluss
"Hier fehlt ein Radweg bis zur Hasswellgasse (die wiederum die Verbindung zum Marchfeldkanal darstellt). Gerade die Kurve zwischen Anton-Böck-Gasse - Mühlweg - Hasswellgasse ist für Radfahrer extrem gefährlich. Die Fahrbahn ist eng, genauso der Gehsteig.",Lückenschluss
Hier wäre Platz aber es gibt keine Möglichkeit um hier sicher nach Strebersdorf zu kommen. Bitte um einen Radweg. Wir haben 2022.,Lückenschluss
Auf der Brünner Straße und der Gerasdorfer Straße fehlt sichere Radfahrinfrastruktur komplett. Selbst nach einer Straßenerneuerung wurde kein Radweg errichtet.,Lückenschluss
"Hier fehlt ein Radweg. Sehr unsicher weil der ""Mehrzweckstreifen"" nicht sicher befahrbar ist.",Lückenschluss
Der Kurze Radweg Gerasdorferstr. bis Allißengasse könnte durchs Feld bis zur Katharina Scheiter Gasse weitergebaut werden. Das wäre eine tolle Verbindung zur Siemensstrasse oder nach Leopoldau über die Lvantgasse oder zur neuen Siedlung beim Gaswerk und auch zur Unterführung Richard Neutra Gasse.,Lückenschluss
Ein Ausbau dieses Feldweges zwischen Marchfeldkanal/Brünner Straße und Draugasse zu einem Radweg (am besten mit Beleuchtung und asphaltiert) würde eine hochwertige Radverbindung zwischen Leopoldau (U-Bahn) und Stammersdorf herstellen.,Lückenschluss
"Radweg sollte in beide Richtungen gehen, Fahren auf der Gerasdorfer Straße ist mir speziell mit Kindern zu gefährlich, daher nehme ich oft den Radweg in die Gegenrichtung.",Lückenschluss
Am Stück zwischen Bushaltestelle Dahliengasse und Draugasse ist in eine Richtung kein Radweg. Der Radweg hört ab der Bushaltestelle einfach auf.,Lückenschluss
"Keine sichere Zufahrt für Radfahrer zu den Radabstellanlagen bei Schule und Kiga möglich, speziell im Morgenverkehr.",Lückenschluss
"Fahre mit Kindern gerne in der Rieglgasse, da hier wenig Verkehr ist. Ideal wäre hier noch eine Rampe auf den Radweg in der Schererstraße.",Lückenschluss
Eine Unterführung unter den Bahngleisen um den Hofstättenweg direkt zu dem Kreisverkehr an der Seyringer Straße zu führen wäre toll.,Lückenschluss
Hier fehlt ein Radweg von Süßenbrunn zum Radweg Kagran ab Rennbahnweg. Der Umweg durch Wälder und Schotterpisten dauert doppelt so lang und ist bei Regen oder Nachts nicht befahrbar.,Lückenschluss
"2 Fahrspuren pro Richtung, die nicht benötigt werden, da die Autobahn den Verkehr aufnimmt da könnte man doch durch eine simple Abtrennung Platz für einen Radweg und Fußweg schaffen. Mit der Verlängerung zum Pelargonienweg würde eine direkte und weitgehend verkehrsgeschützte Verbdingung zwischen Breitenlee und Leopoldau entstehen.",Lückenschluss
Bitte den Pelargonienweg mit dem Zwerchäckerweg verbinden. Damit zwischen Leopoldau und Breitenlee eine direkte Radwegverbindung entsteht.,Lückenschluss
"Ein durchgehender Radweg (ausgehend von der Donaufelder Str. )auf der Breitenleer Str. wäre toll und ich müsste nicht jeden Tag um mein Leben fürchten, wenn ich zur Arbeit fahre.",Lückenschluss
Kein Radweg. Zu Stoßzeiten sehr viel Verkehr. An den 30er hält dich praktisch kein Auto.,Lückenschluss
"Es gibt in der Siebenbürgerstrasse, Wien 22 , keinen durchgehend Radweg . Lediglich in der Nebenfahrbahn der Siebenbürgerstrasse, auf einer Länge von ca . 50 Meter , besteht ein Radweg .",Lückenschluss
"Auf der Donaustadtstraße fehlt ein Radweg obwohl sie eine wichtige Verbindung zu Kagran, Donauzentrum und der U2 darstellt. Autos fahren oft deutlich schneller als 50 km/h was das Radfahren sehr gefährlich macht.",Lückenschluss
"Der Steg Viktor-Kaplan-Straße über die Donaustadtstraße ist nicht für Radfahrer freigegeben, obwohl er eine schnelle Querung ohne Ampel ermöglicht und seit Jahrzehnten von Radfahrern genutzt wird.",Lückenschluss
Die Abkürzung zwischen Drygalskiweg und AdoAD wird sehr oft von Radfahrern und Fußgänger genommen und ist teilweise sehr schlammig. Eventuell sollte man hier einen asphaltierten Weg bauen.,Lückenschluss
Ein breiter gut ausgebauter Radweg neben dem Verlauf der Nordwestbahn folgend könnte eine schnelle Verbindung zum Bezirkszentrum ermöglichen.,Lückenschluss
Hier sollte sich anstelle des Schutzweges auch eine Radüberfahrt befinden!,Lückenschluss
Sehr grob gepflasterte Unterführung die ein Befahren unmöglich macht. Die Mehrheit weicht daher auf den sehr schmalen Gehweg aus. Die Straße wäre hier jedoch breit genug für einen zusätzlichen Radstreifen,Lückenschluss
In der Heiligenstädter Straße fehlt ein Radweg obwohl sie eine wichtige Verbindung zur BOKU darstellt. Vom Donaukanal her ist die Strecke nicht sinnvoll per Rad erreichbar.,Lückenschluss
Skyway mit Franz-Ippisch-Steg und Döblinger Steg verbinden über alte Bahn-Bögen.,Lückenschluss
"Der Skywalk ist die einzige sichere und kreuzungsfreie Verbindung zwischen dem 19. und dem 2., 20. und 21.",Lückenschluss
"Ein Radweg über den Julius Tandler Platz, der Nordbergstraße und Althahnhstraße verbindet würde sich anbieten. Genug Platz wäre da!",Lückenschluss
"von der Nußdorfer Straße stadtauswärts fahrend ist es unmöglich, in die Fuchsthallergasse einzubiegen",Lückenschluss
Sichere Zufahrt für Radfahrer zum AKH.Die Zufahrt erfolgt über den mehrspurigen Gürtel. Das ist nicht jedermanns Sache.,Lückenschluss
"Ist mir unverständlich, warum hier Radfahren verboten ist. Das wäre eine sehr gute Zu- und Abfahrt ins/vom AKH und verbunden mit dem Gürtelradweg.",Lückenschluss
Von der Geblergasse kommend zum Gürtel gibt es keine Lösung um halbwegs sicher oder legal auf den Gürtelradweg zu kommen.,Lückenschluss
"10 Meter Einbahn sind hier zu öffnen, die bei weitem breit genug sind, um eine optimale Verbindung von der Alser Straße zum Gürtel in Richtung Süden zu haben!",Lückenschluss
Das Stück fehlt noch als optimaler Radweg vom 8. in Richtung Yppenplatz,Lückenschluss
An dieser Stelle habe ich immer eine offizielle Durchfahrmöglichkeit vermisst (Josefstädter Str -> Neulerchenfelder Str.) Eine Behinderung der Straßenbahn ist kaum zu befürchten.,Lückenschluss
"Da die Burggassse eine für Radfahrer sehr angenehme Gürtel-Innenstadt-Verbindung darstellt, wäre eine Bikebox auf der Brücke sehr empfehlenswert. Von Norden kommend ist sonst das Abbiegen in die Burggasse ein kompliziertes Unterfangen, bzw. das Einreihen als Radfahrer vor den Autos mit einer Bikebox gibt Sicherheit.",Lückenschluss
"Wahrscheinlich schwer durchzuführen, aber ein Lückenschluss des Radwegs am inneren Gürtel wäre toll und würde die Gürtelroute für Radfahrer deutlich aufwerten",Lückenschluss
Die Stollgasse ist nur in einer Richtung befahrbar. In der Gegenrichtung muss ein Umweg über die Mariahilfer Straße oder die Seidengasse in Kauf genommen werden.,Lückenschluss
Ein kurzes Stück Radweg entlang dieser Seite der Gürtelfahrbahn würde das Fahren Äußere Mariahilfer Str -> Bürgerspitalgasse ermöglichen.,Lückenschluss
Es fehlt eine Verbindung von der Schönbrunner Straße über die Ruckergasse Richtung Meidlinger Hauptstraße.,Lückenschluss
Radwegverbindung von Hufelandgasse in Schönbrunner-Str.,Lückenschluss
Die Verbindung Ullmanngasse - Meidlinger Hauptstraße ist nicht nicht praktikabel. Die Alternativen sind: legal mit 4 Ampeln und 4 x Warten oder illegal mit 3 Ampeln (davon eine Fußgängerampel - rot) und 1 Mal warten für die Querung der linken Wienzeile.,Lückenschluss
"Hier endet der Radweg plötzlich in einer riesigen Baustelle. Eine Gegenfahrbahn an der östlichen Seite des U4-Centers, um direkt die Meidlinger Hautpstraße zu erreichen, ist aber anscheinend weiterhin nicht vorgesehen.",Lückenschluss
Zum Leopoldine -Glöckel-Weg,Lückenschluss
"Die Eckartsaugasse zwischen Stachegasse und Hetzendorfer Straße benutzen zu können, wäre sehr hilfreich, um die gefährliche Breitenfurter Straße vermeiden zu können.",Lückenschluss
"HIer wäre ein sehr kurzes Radwegstück wünschenswert, um von der Kirchfeldgasse aus die Kreuzung überqueren und in die Karl-Heiz-Straße gelangen zu können (Zufahrt Liesingbach).",Lückenschluss
Die Öffnung dieses asphaltierten Weges für Radler wäre ein guter Lückenschluss zwischen Haymogasse und Endresstraße. Auf FußgängerInnen muss natürlich Rücksicht genommen werden.,Lückenschluss
"Leider gibt es auf dem gesamten Maurer Hauptplatz, Speisinger Straße, Gesslgasse keinen adäquaten Radweg. Das Argument der 30er Zone ist obsolet, da die Straßensituation sehr gefährlich für Radfahrer ist dh. Tempolimit wird nicht eingehalten,",Lückenschluss
"Speisinger Straße, Abschnitt Maurer Hauptplatz -> Rosenhügelstraße",Lückenschluss
Die Rosenhügelstraße sollte zwischen Speisinger Straße und Karl-Schwed-Gasse einen ZweiRichtungsRadweg bzw. eine protected Bike Lane auf südlicher Seite erhalten.,Lückenschluss
"Die Schaffung eines Radweges entlang einer der sechs Nord-Süd-Straßen im Krankenhaus Hietzing wäre sehr praktisch, da man so eine direktere Route statt erst Wolkersbergenstraße nach Südost und dann Hermesstraße nach Westen hätte.",Lückenschluss
Hier würde sich eine Begegnungszone bei zahlreichen Geschäften und Schulen sehr anbieten!,Lückenschluss
Durch Verschmälerung des Gehsteigs wäre ein eigener Radfahrstreifen zur sicheren Überquerung der Brücke sehr gut möglich.,Lückenschluss
Ein Radweg entlang der vorhandenen Bahnbrücke als niveaufreie Wiental-Querung wäre eine enorme Verbesserung. Die St.-Veit-Gasse ist zur Stoßzeit ein Horror,Lückenschluss
Wientalradweg verlängern...,Lückenschluss
Bitte kümmern Sie sich um einen adäquaten Radweg im Rahmen des Umbaus Parkplatz vor Schloss Schönbrunn!,Lückenschluss
"Radweglücke zwischen Linker Wienzeile und Tram-Querung schließen. Es ist nicht sehr benutzerfreundliche, wenn man von der Ullmannstraße kommed im Wiental stadteinwärts weiter fahren will",Lückenschluss
Glassplitter am Boden,Hindernis
Der Radweg in der Längenfeldgasse auf Höhe Volkshochschule wird über den Parkplatz geführt - in der Mitte gibt es eine sehr steile Auf-und Abfahrten - finde ich täglich aufs Neue sehr unangenehm.,Hindernis
"Genau hier steht relativ unmotiviert eine Litfasssäule, die den Radweg zu einer engen Kurve zwingt und die Sicht auf evtl. entgegenkommnende Radler nimmt.",Hindernis
"Die Baustelle blockiert den Radweg. Da der Radweg bis unmittelbar vor der Baustelle geht und für diesen Benutzungspflicht gilt, ist ein einigermaßen Flüssiges vorankommen hier unmöglich.",Hindernis
