text,label,typ
Autos parken auf dem Radstreifen und blockieren die Sicht beim Abbiegen.,Gefahrenstelle,synthetisch
Die Kreuzung ist morgens durch haltende Fahrzeuge vollständig blockiert.,Gefahrenstelle,synthetisch
Autofahrer erkennen nicht dass der Radstreifen hier endet und fahren drüber.,Gefahrenstelle,synthetisch
Beim Abbiegen von der Hörlgasse wird man von Autos nicht gesehen.,Gefahrenstelle,synthetisch
Radfahrer werden auf dem Radstreifen von PKW knapp überholt.,Gefahrenstelle,synthetisch
Kollisionsgefahr am Radstreifen wegen ein- und aussteigender Fahrgäste.,Gefahrenstelle,synthetisch
LKW fahren zu knapp an Radfahrern vorbei.,Gefahrenstelle,synthetisch
Autofahrer von links sehen Radfahrer nicht beim Abbiegen.,Gefahrenstelle,synthetisch
Kreuzung mit Straßenbahn und schlechter Sicht für Radfahrer.,Gefahrenstelle,synthetisch
Fahrradstreifen wird von PKW-Fahrern regelmäßig benutzt.,Gefahrenstelle,synthetisch
Gefährliche Situation bei der Einmündung Taborstraße – Autos ignorieren Vorrang.,Gefahrenstelle,synthetisch
Am Gürtel fahren LKW viel zu nah an Radfahrern vorbei.,Gefahrenstelle,synthetisch
Kreuzung Mariahilfer Straße unübersichtlich für Radfahrer bei Nacht.,Gefahrenstelle,synthetisch
Beinahe-Unfall täglich an dieser Kreuzung wegen schlechter Ampelschaltung.,Gefahrenstelle,synthetisch
Autos biegen rechts ab ohne auf Radfahrer zu achten.,Gefahrenstelle,synthetisch
Dooring-Zone beim Parkstreifen – Türen werden plötzlich aufgemacht.,Gefahrenstelle,synthetisch
Ringstraße: Autobusse übersehen Radfahrer beim Einfahren in die Haltestelle.,Gefahrenstelle,synthetisch
Sichtverhältnisse an der Kreuzung Währingerstraße sehr schlecht.,Gefahrenstelle,synthetisch
Kfz fahren mit überhöhter Geschwindigkeit durch die 30er Zone.,Gefahrenstelle,synthetisch
Fußgänger und Radfahrer teilen sich einen zu schmalen Streifen.,Gefahrenstelle,synthetisch
Rechtsabbieger schneiden regelmäßig den Radweg beim Abbiegen.,Gefahrenstelle,synthetisch
Straßenbahn und Radfahrer teilen sich die Spur ohne Trennung.,Gefahrenstelle,synthetisch
Gefährliche Einfahrt beim Parkhaus – Autofahrer sehen Radfahrer nicht.,Gefahrenstelle,synthetisch
Wenig Platz zwischen Straßenbahnschienen und Radweg führt zu Stürzen.,Gefahrenstelle,synthetisch
Autos stehen in der Radfahrer-Aufstellfläche vor der Ampel.,Gefahrenstelle,synthetisch
Kreuzung Naschmarkt – Autos blockieren Radweg beim Linksabbiegen.,Gefahrenstelle,synthetisch
Hohes Unfallrisiko durch Lieferwagen die auf dem Radstreifen halten.,Gefahrenstelle,synthetisch
Enge Kurve am Donaukanal – Gegenverkehr kaum sichtbar.,Gefahrenstelle,synthetisch
PKW überholen trotz Gegenverkehr auf dem schmalen Radweg.,Gefahrenstelle,synthetisch
Schulweg-Kreuzung ohne ausreichenden Schutz für Radfahrer.,Gefahrenstelle,synthetisch
Abbiegen von der Landstraßer Hauptstraße sehr riskant.,Gefahrenstelle,synthetisch
Autos fahren in die Fußgängerzone und gefährden Radfahrer.,Gefahrenstelle,synthetisch
Auffahrt auf die Stadtautobahn kreuzt den Hauptradweg gefährlich.,Gefahrenstelle,synthetisch
Omnibusbahnhof – Busse fahren ohne Rücksicht auf Radfahrer aus.,Gefahrenstelle,synthetisch
Straße nach Bauarbeiten sehr schmal – kein Platz für Radfahrer.,Gefahrenstelle,synthetisch
Kreuzung beim AKH immer wieder blockiert durch haltende Taxis.,Gefahrenstelle,synthetisch
Rücksichtsloser Überholvorgang auf der Praterstraße.,Gefahrenstelle,synthetisch
Nacht: Schlechte Beleuchtung macht Kreuzung gefährlich.,Gefahrenstelle,synthetisch
Gegenverkehr auf Einbahn – Radfahrer haben keine Ausweichmöglichkeit.,Gefahrenstelle,synthetisch
Baustelle verengt Fahrbahn auf gefährliche Breite für Radfahrer.,Gefahrenstelle,synthetisch
Fußgänger queren Radweg ohne zu schauen am Karlsplatz.,Gefahrenstelle,synthetisch
Taxifahrer halten auf dem Radstreifen vor dem Opernring.,Gefahrenstelle,synthetisch
Autofahrer ignorieren Rotphase an der Radfahrerampel.,Gefahrenstelle,synthetisch
Enge Unterführung – kein Platz für Begegnungsverkehr.,Gefahrenstelle,synthetisch
Schutzweg ohne Wartepflicht für Autos – Radfahrer gefährdet.,Gefahrenstelle,synthetisch
Kreuzung Gürtel/Mariahilfer Straße unübersichtlich für Radfahrer.,Gefahrenstelle,synthetisch
Abstand beim Überholen durch LKW viel zu gering.,Gefahrenstelle,synthetisch
Fußgänger stehen auf der Radfahrspur und blockieren.,Gefahrenstelle,synthetisch
Kreuzung beim Westbahnhof – schlechte Sicht durch parkende Autos.,Gefahrenstelle,synthetisch
Starker Gegenverkehr auf Radweg ohne bauliche Trennung.,Gefahrenstelle,synthetisch
Fehlende Warnbeschilderung vor gefährlicher Kurve.,Gefahrenstelle,synthetisch
Schulkinder queren ungesichert den Radweg in Floridsdorf.,Gefahrenstelle,synthetisch
Lieferzone direkt auf dem Radstreifen in der Innenstadt.,Gefahrenstelle,synthetisch
Dichte Bebauung verhindert Sicht beim Ausfahren aus Tiefgarage.,Gefahrenstelle,synthetisch
Rechtsabbiegestreifen der Autos endet direkt im Radweg.,Gefahrenstelle,synthetisch
Nahezu tägliche Beinahunfälle an dieser Stelle im 20. Bezirk.,Gefahrenstelle,synthetisch
Schnelles Fahren auf der Donauuferstraße – Radfahrer in Gefahr.,Gefahrenstelle,synthetisch
Dunkle Unterführung ohne Spiegel – blindes Abbiegen nötig.,Gefahrenstelle,synthetisch
Autos parken auf Gehsteig und zwingen Radfahrer auf Fahrbahn.,Gefahrenstelle,synthetisch
Kreuzungsbereich Spittelau schlecht einsehbar für Radfahrer.,Gefahrenstelle,synthetisch
Ampelausfall an vielbefahrener Kreuzung ohne Ersatzregelung.,Gefahrenstelle,synthetisch
Parkende Autos stehen täglich auf dem Radstreifen.,Hindernis,synthetisch
Der Steg ist wegen Stufen nur schwer mit dem Fahrrad passierbar.,Hindernis,synthetisch
Breite Risse im Betonboden des Radwegs – Sturzgefahr.,Hindernis,synthetisch
Betonelemente versperren den Durchgang am Radweg.,Hindernis,synthetisch
Radfahrerspur im Winter nicht geräumt – Eisglätte.,Hindernis,synthetisch
Schlagloch mitten auf der Fahrspur – schwer ausweichbar.,Hindernis,synthetisch
Schwellen auf dem Radweg sehr unangenehm und gefährlich.,Hindernis,synthetisch
Glasscherben auf dem Radweg täglich ein Problem.,Hindernis,synthetisch
Mülltonnen stehen auf dem Radweg und versperren den Weg.,Hindernis,synthetisch
Großer Ast nach dem Sturm blockiert den Hauptradweg.,Hindernis,synthetisch
Bauschutt wurde nicht ordentlich von der Radspur entfernt.,Hindernis,synthetisch
Starke Pfütze nach Regen macht den Radweg unbefahrbar.,Hindernis,synthetisch
Kieselsteine von der Baustelle überall auf dem Radstreifen.,Hindernis,synthetisch
Grünschnitt liegt seit Tagen unentfernt auf dem Radweg.,Hindernis,synthetisch
Container der Müllabfuhr blockiert die Radspur.,Hindernis,synthetisch
Tiefes Schlagloch nach Frostschäden auf der Radspur.,Hindernis,synthetisch
Matsch nach Regenfällen macht Radweg gefährlich rutschig.,Hindernis,synthetisch
Splitt auf dem Radweg nach Winterdienst nicht weggeräumt.,Hindernis,synthetisch
Palette von Lieferwagen mitten auf dem Radstreifen abgestellt.,Hindernis,synthetisch
Nägel auf dem Radweg – wahrscheinlich von der Baustelle.,Hindernis,synthetisch
Umgekippter Motorroller blockiert halben Radweg.,Hindernis,synthetisch
Öllache auf dem Radweg nach Unfall nicht gereinigt.,Hindernis,synthetisch
Bauzaun ragt in den Radweg hinein.,Hindernis,synthetisch
Straßenbahnschienen – Fahrradreifen kann sich festfahren.,Hindernis,synthetisch
Bordstein zu hoch abgesetzt – Fahrrad springt beim Überfahren.,Hindernis,synthetisch
Rostiger Metalldeckel steht über der Fahrbahn hinaus.,Hindernis,synthetisch
Sandverwehungen auf dem Radweg im Bereich Donauinsel.,Hindernis,synthetisch
Laub sehr nass und rutschig – Herbst ist gefährlich.,Hindernis,synthetisch
Gerüst der Hausrenovierung ragt weit in den Radweg.,Hindernis,synthetisch
Betonpfosten mitten auf dem alten Radweg ohne Markierung.,Hindernis,synthetisch
Poller am Beginn des Radwegs ohne ausreichende Kennzeichnung.,Hindernis,synthetisch
Wasseransammlung nach Starkregen macht Unterführung unpassierbar.,Hindernis,synthetisch
Müll und Scherben nach Veranstaltung auf Donauinsel-Radweg.,Hindernis,synthetisch
Autoreifen liegt mitten auf dem Radstreifen.,Hindernis,synthetisch
Baumwurzeln heben Asphalt an – holprig und gefährlich.,Hindernis,synthetisch
Schotter nach Bauarbeiten auf der Radspur verteilt.,Hindernis,synthetisch
Behinderung durch Falschparker im Kreuzungsbereich.,Hindernis,synthetisch
Plastikfolie von Baustelle weht auf Radweg.,Hindernis,synthetisch
Eisplatten nach Frost auf dem schattigen Radweg.,Hindernis,synthetisch
Sandsäcke vom Hochwasserschutz noch auf dem Radweg.,Hindernis,synthetisch
Abgebrochener Straßenbelag bildet gefährliche Stufen.,Hindernis,synthetisch
Kleintransporter hält täglich auf dem Radstreifen.,Hindernis,synthetisch
Tauben-Fütterungsreste machen Radweg glitschig.,Hindernis,synthetisch
Herausragender Kanaldeckel auf der Radspur.,Hindernis,synthetisch
Betonmischer hält auf dem Radweg beim Bau.,Hindernis,synthetisch
Verankerungen von Werbebanner stehen auf Radweg.,Hindernis,synthetisch
Mehrere Fahrräder verbotswidrig auf Radspur abgestellt.,Hindernis,synthetisch
Straßenschäden nach Kanalarbeiten – Radweg holprig.,Hindernis,synthetisch
Absperrband der Polizei blockiert den Radweg.,Hindernis,synthetisch
Überfahrener Rucksack – Fundstück mitten auf der Spur.,Hindernis,synthetisch
Defekter Poller liegt quer über dem Radweg.,Hindernis,synthetisch
Tischler hat Holzbretter auf dem Radstreifen gelagert.,Hindernis,synthetisch
Straßenmarkierung abgeblättert – scharfe Kanten auf Fahrbahn.,Hindernis,synthetisch
Wasserrohrbruch – Wasser auf dem Radweg gefroren.,Hindernis,synthetisch
Schnee von Einfahrt auf Radweg geschoben.,Hindernis,synthetisch
Zugemüllter Unterstand versperrt Radweg-Zugang.,Hindernis,synthetisch
Kaputte Absperrung ragt in den Radweg hinein.,Hindernis,synthetisch
Schwere Beschädigungen am Belag durch Frost.,Hindernis,synthetisch
Stadtwerke-Fahrzeug parkt auf dem Radstreifen.,Hindernis,synthetisch
Holzkisten vor dem Supermarkt auf dem Radweg.,Hindernis,synthetisch
Kabelkanal der Bauarbeiter über Radweg gespannt.,Hindernis,synthetisch
Fahrverbotsschild ohne Ausnahme für Radfahrer an Baustelle.,Markierung oder Schild,synthetisch
Fahrverbot-Schild auf offizieller MTB-Strecke widersprüchlich.,Markierung oder Schild,synthetisch
Allgemeines Fahrverbot ohne Radfahrer-Ausnahme auf öffentlicher Straße.,Markierung oder Schild,synthetisch
Schild irreführend – Fahrverbot gilt nicht für Radfahrer.,Markierung oder Schild,synthetisch
Radroute-Schild zeigt falsche Richtung.,Markierung oder Schild,synthetisch
Radweg-Schild bei Unterführung entfernt – Fußgänger am Radweg.,Markierung oder Schild,synthetisch
Fehlende Markierung vor der Ampel für Radfahrer.,Markierung oder Schild,synthetisch
Linksabbiegen für Radfahrer ohne Ausnahme verboten.,Markierung oder Schild,synthetisch
Zusatztafel ausgenommen Fahrrad fehlt am Einfahrtsschild.,Markierung oder Schild,synthetisch
Radwegmarkierung nach Baustelle nicht erneuert.,Markierung oder Schild,synthetisch
Einbahn-Öffnung für Radfahrer nicht beschildert.,Markierung oder Schild,synthetisch
Kein Hinweis auf Ende des Fahrverbots für Radfahrer.,Markierung oder Schild,synthetisch
Bodenmarkierung für Radfahrer komplett verblasst.,Markierung oder Schild,synthetisch
Abbiege-Gebot ohne Ausnahme für Radfahrer nicht sinnvoll.,Markierung oder Schild,synthetisch
Radweg-Ende nicht markiert – Radfahrer fahren auf Gehweg weiter.,Markierung oder Schild,synthetisch
Schild für Radfahrer von geparktem LKW verdeckt.,Markierung oder Schild,synthetisch
Beschilderung am Kreuzungsbereich sehr unübersichtlich.,Markierung oder Schild,synthetisch
Rechtsabbiege-Gebot blockiert Zugang zum Gürtelradweg.,Markierung oder Schild,synthetisch
Keine Markierung für indirektes Linksabbiegen vorhanden.,Markierung oder Schild,synthetisch
Ausgenommen-Fahrrad Aufkleber auf neuem Schild kaum lesbar.,Markierung oder Schild,synthetisch
Geradeausgebot gilt auch für Radfahrer obwohl Radweg weitergeht.,Markierung oder Schild,synthetisch
Wegweisungsschild zum Donaukanal zeigt falsche Abzweigung.,Markierung oder Schild,synthetisch
Fehlende Piktogramme auf der Fahrbahn im Kreuzungsbereich.,Markierung oder Schild,synthetisch
Schild für Radfahrzone wurde entfernt ohne Ersatz.,Markierung oder Schild,synthetisch
Vorrang-Schild für Radfahrer fehlt an wichtiger Querung.,Markierung oder Schild,synthetisch
Radwegführung nach Kreuzung nicht durch Markierung erkennbar.,Markierung oder Schild,synthetisch
Keine Kennzeichnung des Zweirichtungsradwegs.,Markierung oder Schild,synthetisch
Aufstellfläche für Radfahrer vor Ampel fehlt Markierung.,Markierung oder Schild,synthetisch
Radstreifen endet ohne Hinweis mitten auf der Fahrbahn.,Markierung oder Schild,synthetisch
Verkehrszeichen nach Umbau nicht angepasst.,Markierung oder Schild,synthetisch
Radfahrer-Schleuse nicht beschildert.,Markierung oder Schild,synthetisch
Fehlende Bodenmakierung vor Schutzweg.,Markierung oder Schild,synthetisch
Schild in falscher Höhe – für Radfahrer nicht sichtbar.,Markierung oder Schild,synthetisch
Keine Markierung für die Radfahrer-Querung am Karlsplatz.,Markierung oder Schild,synthetisch
Sperrlinie verhindert legales Abbiegen auf Radweg.,Markierung oder Schild,synthetisch
Neue Ampel ohne angepasste Beschilderung für Radfahrer.,Markierung oder Schild,synthetisch
Kreuzungsmarkierungen für Radfahrer nach Repaving fehlen.,Markierung oder Schild,synthetisch
Hinweisschild Radroute nach Umbau nicht wieder aufgestellt.,Markierung oder Schild,synthetisch
Warnschild vor Engstelle für Radfahrer fehlt.,Markierung oder Schild,synthetisch
Zu viele Schilder auf engem Raum – unübersichtlich.,Markierung oder Schild,synthetisch
Piktogramm Fahrrad auf Fahrbahn kaum noch sichtbar.,Markierung oder Schild,synthetisch
Schild für Tempo-30-Zone für Radfahrer nicht einsehbar.,Markierung oder Schild,synthetisch
Radwegende-Schild fehlt – Radfahrer wissen nicht wohin.,Markierung oder Schild,synthetisch
Gefahrensymbol vor holprigem Untergrund fehlt.,Markierung oder Schild,synthetisch
Einbahn-Ausnahme für Radfahrer nicht an Einfahrt erkennbar.,Markierung oder Schild,synthetisch
Radfahrstreifen-Markierung unterbrochen ohne Erklärung.,Markierung oder Schild,synthetisch
Stopptafel für Radfahrer durch Baumwuchs verdeckt.,Markierung oder Schild,synthetisch
Neues Verkehrszeichen ohne entsprechende Boden-Markierung.,Markierung oder Schild,synthetisch
Kein Schild für empfohlene Radroute nach der Kreuzung.,Markierung oder Schild,synthetisch
Ausnahme-Regelung nur auf einer Seite beschildert.,Markierung oder Schild,synthetisch
Radfahrer-Vorrangschild nach Kreuzungsumbau entfernt.,Markierung oder Schild,synthetisch
Kennzeichnung des Begegnungsradwegs fehlt.,Markierung oder Schild,synthetisch
Schild ragt auf Radfahrhöhe in den Weg hinein.,Markierung oder Schild,synthetisch
Radweg-Benützungspflicht-Ende fehlt nach Engstelle.,Markierung oder Schild,synthetisch
Hinweis auf Radweg-Umleitung nur auf einer Seite.,Markierung oder Schild,synthetisch
Fahrradstraße nicht als solche gekennzeichnet.,Markierung oder Schild,synthetisch
Kein Piktogramm am Beginn des Mehrzweckstreifens.,Markierung oder Schild,synthetisch
Fahrtrichtungspfeil für Radfahrer fehlt.,Markierung oder Schild,synthetisch
Zustiegszone Straßenbahn ohne Markierung für Radfahrer.,Markierung oder Schild,synthetisch
Schild nach Winterschäden nicht ersetzt worden.,Markierung oder Schild,synthetisch
Aufkleber ausgenommen Fahrrad abgeblättert.,Markierung oder Schild,synthetisch
Radfahrerampel zeigt seit zwei Wochen kein Signal.,Ampel,synthetisch
Ampel muss besser mit benachbarter Kreuzung abgestimmt werden.,Ampel,synthetisch
Radfahrer-Grünphase endet bevor Fußgänger-Rot zeigt.,Ampel,synthetisch
Grünphase für Radfahrer deutlich kürzer als für Autos.,Ampel,synthetisch
Bedarfsampel auf Radweg ohne erkennbaren Nutzen.,Ampel,synthetisch
Ampel für Einfahrt synchronisiert nicht mit Radfahrer-Ampel.,Ampel,synthetisch
Radfahrer-Ampel erst wenige Meter vor Kreuzung sichtbar.,Ampel,synthetisch
Ampelschaltung für Radfahrer ungünstig auf der Breiten Gasse.,Ampel,synthetisch
Radampel am Donaukanal seit Wochen ausgefallen.,Ampel,synthetisch
Keine eigene Ampel für Radfahrer an dieser Kreuzung.,Ampel,synthetisch
Grünphase zu kurz – Radfahrer kommen nicht durch.,Ampel,synthetisch
Ampelsensor erkennt Fahrräder nicht zuverlässig.,Ampel,synthetisch
Ampel schaltet auf Rot obwohl kein Querverkehr kommt.,Ampel,synthetisch
Radfahrer müssen lange auf Grün warten ohne Grund.,Ampel,synthetisch
Defekte Druckknopf-Ampel auf Hauptradroute.,Ampel,synthetisch
Ampel für Radfahrer nicht vorhanden an stark befahrener Kreuzung.,Ampel,synthetisch
Grünpfeil für Radfahrer fehlt beim Rechtsabbiegen.,Ampel,synthetisch
Radfahrer-Schleuse ohne eigene Ampelphase.,Ampel,synthetisch
Ampelphase zu kurz für Radfahrer mit Lastenrad.,Ampel,synthetisch
Ampel schaltet zu früh auf Rot beim Überqueren.,Ampel,synthetisch
Keine Vorampel für Radfahrer an der Ringstraße.,Ampel,synthetisch
Ampelsignal für Radfahrer nicht sichtbar aus dem Sattel.,Ampel,synthetisch
Gleichzeitig grün für Autos und Radfahrer – gefährlich.,Ampel,synthetisch
Zu lange Rotphase auf ruhiger Nebenstraße.,Ampel,synthetisch
Induktionsschleife erkennt Fahrräder nicht.,Ampel,synthetisch
Ampelsteuerung nach Bauarbeiten nicht angepasst.,Ampel,synthetisch
Radfahrer-Grün startet zu spät nach Fußgänger-Grün.,Ampel,synthetisch
Ampelphase für Radfahrer nicht mit Straßenbahn koordiniert.,Ampel,synthetisch
Wartezeit an Bedarfsampel unverhältnismäßig lang.,Ampel,synthetisch
Radampel blinkt gelb statt grün zu zeigen.,Ampel,synthetisch
Ampel für Radfahrer zeigt Grün aber Fußgänger kommen entgegen.,Ampel,synthetisch
Ampel nicht für Zweirichtungsradweg ausgelegt.,Ampel,synthetisch
Provisorische Ampel nach Unfall falsch eingestellt.,Ampel,synthetisch
Zu kurze Grünphase für Radfahrer beim Linksabbiegen.,Ampel,synthetisch
Ampelschaltung bevorzugt Autos gegenüber Radfahrern.,Ampel,synthetisch
Radampel ohne Countdown-Anzeige für Restzeitanzeige.,Ampel,synthetisch
Ampel für Überquerung der Hauptstraße fehlt.,Ampel,synthetisch
Getrennte Ampelphase für Radfahrer fehlt an Kreuzung.,Ampel,synthetisch
Ampel nach Reparatur falsch justiert.,Ampel,synthetisch
Grünphase startet zu früh – Autos noch in der Kreuzung.,Ampel,synthetisch
Radfahrer müssen Taste drücken – nicht automatisch grün.,Ampel,synthetisch
Ampel bei Unterführung zeigt selten Grün.,Ampel,synthetisch
Signalanlage nicht auf neuen Radweg abgestimmt.,Ampel,synthetisch
Ampelphase für Schulweg zu kurz.,Ampel,synthetisch
Radfahrer werden bei Grün von abbiegenden Autos gefährdet.,Ampel,synthetisch
Neue Ampelanlage ohne Radfahrer berücksichtigt.,Ampel,synthetisch
Ampel für Radfahrer gilt auch für Fußgänger – verwirrend.,Ampel,synthetisch
Radsignal nach Kreuzungsumbau nicht erneuert.,Ampel,synthetisch
Ampel an der Tangente schaltet sehr selten auf Grün.,Ampel,synthetisch
Schlechte Sicht auf Ampel durch Baumwuchs.,Ampel,synthetisch
Ampel weist Radfahrer falsch in Gegenrichtung.,Ampel,synthetisch
Ampelzeiten nicht an Schulzeiten angepasst.,Ampel,synthetisch
Radfahrer-Grün zu kurz für Kreuzung mit Tramgleisen.,Ampel,synthetisch
Sensor funktioniert nur wenn Rad direkt drübersteht.,Ampel,synthetisch
Ampelanlage nach Sturm schief – schwer erkennbar.,Ampel,synthetisch
Zu wenig Zeit für ältere Radfahrer beim Überqueren.,Ampel,synthetisch
Ampel nach Kreuzungsumbau nicht wieder aufgestellt.,Ampel,synthetisch
Zweiradampel zeigt anderes Signal als Fußgängerampel.,Ampel,synthetisch
Ampel für Radfahrer fehlt auf dem neuen Radweg.,Ampel,synthetisch
Radampel oft außer Betrieb – kein Hinweis.,Ampel,synthetisch
Wichtige Verbindung zum Bahnhof Meidling fehlt.,Lückenschluss,synthetisch
Verbindung zwischen Mayerweckstraße und Langenzersdorf fehlt.,Lückenschluss,synthetisch
Kein Radweg auf der Krottenbachstraße in beiden Richtungen.,Lückenschluss,synthetisch
Radweg auf der Rußbergstraße nicht weit genug verlängert.,Lückenschluss,synthetisch
Verbindung zum Marchfeldkanal fehlt.,Lückenschluss,synthetisch
Keine sichere Möglichkeit nach Strebersdorf zu radeln.,Lückenschluss,synthetisch
Radweg fehlt auf stark befahrener Straße trotz genug Platz.,Lückenschluss,synthetisch
Radweg fehlt auf dem Mehrzweckstreifen.,Lückenschluss,synthetisch
Direkte Verbindung vom Donaukanal zur Innenstadt fehlt.,Lückenschluss,synthetisch
Kein Radweg auf der Stadteinfahrt von Norden.,Lückenschluss,synthetisch
Radroute endet abrupt ohne Anschluss an nächste Route.,Lückenschluss,synthetisch
Lücke in der Radroute 8 zwischen zwei Bezirken.,Lückenschluss,synthetisch
Verbindung zwischen Gürtelradweg und Innenstadt fehlt.,Lückenschluss,synthetisch
Fehlende Radwegführung durch den Prater nach Kagran.,Lückenschluss,synthetisch
Keine sichere Radverbindung über die Tangente.,Lückenschluss,synthetisch
Radweg entlang der Donau unterbrochen bei km 12.,Lückenschluss,synthetisch
Verbindung zum Bahnhof Floridsdorf fehlt komplett.,Lückenschluss,synthetisch
Lücke im Radwegenetz zwischen 15. und 16. Bezirk.,Lückenschluss,synthetisch
Kein Radweg auf der Brünner Straße stadtauswärts.,Lückenschluss,synthetisch
Hauptradroute unterbrochen durch Baustellenbereich.,Lückenschluss,synthetisch
Verbindung Simmering – Schwechat für Radfahrer fehlt.,Lückenschluss,synthetisch
Keine Radverbindung entlang der Westbahn.,Lückenschluss,synthetisch
Lücke zwischen Radweg Praterstraße und Donaukanal.,Lückenschluss,synthetisch
Fehlende Route vom Hauptbahnhof zum Belvedere.,Lückenschluss,synthetisch
Kein Radweg auf der Linken Wienzeile stadtauswärts.,Lückenschluss,synthetisch
Radwegnetz endet abrupt an Bezirksgrenze.,Lückenschluss,synthetisch
Fehlende Radverbindung über die Donau bei Floridsdorf.,Lückenschluss,synthetisch
Keine Radroute durch das Museumsquartier.,Lückenschluss,synthetisch
Lücke im Radnetz zwischen Ottakring und Hernals.,Lückenschluss,synthetisch
Verbindung zum Wienerberg fehlt.,Lückenschluss,synthetisch
Keine Möglichkeit auf dem Rad sicher zum Spital zu kommen.,Lückenschluss,synthetisch
Radweg endet vor der Stadtgrenze ohne Anschluss.,Lückenschluss,synthetisch
Fehlende Querverbindung zwischen zwei Hauptradrouten.,Lückenschluss,synthetisch
Kein Radweg auf der Simmeringer Hauptstraße.,Lückenschluss,synthetisch
Direkte Radverbindung zum Flughafen fehlt.,Lückenschluss,synthetisch
Radweg am Wienflussufer unterbrochen.,Lückenschluss,synthetisch
Verbindung vom 21. in den 22. Bezirk fehlt.,Lückenschluss,synthetisch
Keine Radfahrverbindung entlang der Bahn.,Lückenschluss,synthetisch
Fehlende Route vom Westbahnhof zum Naschmarkt.,Lückenschluss,synthetisch
Radweg im Kurpark Oberlaa endet abrupt.,Lückenschluss,synthetisch
Keine sichere Verbindung für Schulkinder im 14. Bezirk.,Lückenschluss,synthetisch
Lücke in der Radroute zwischen Meidling und Favoriten.,Lückenschluss,synthetisch
Radweg auf der Heiligenstädter Straße fehlt.,Lückenschluss,synthetisch
Verbindung vom Augarten zur Innenstadt nicht sicher.,Lückenschluss,synthetisch
Kein Radweg auf dem Abschnitt Rennweg–Erdberg.,Lückenschluss,synthetisch
Fehlende Unterquerung der Tangente für Radfahrer.,Lückenschluss,synthetisch
Keine Radroute durch das Stadtentwicklungsgebiet Aspern.,Lückenschluss,synthetisch
Radweg Floridsdorfer Brücke endet ohne Weiterführung.,Lückenschluss,synthetisch
Direkte Linie vom Zentrum zum AKH für Radfahrer fehlt.,Lückenschluss,synthetisch
Verbindung zwischen Radweg und U-Bahn-Station fehlt.,Lückenschluss,synthetisch
Kein Radweg entlang der Meidlinger Hauptstraße.,Lückenschluss,synthetisch
Lücke in der Radroute zwischen Hietzing und Lainz.,Lückenschluss,synthetisch
Radweg auf der Triester Straße stadtauswärts nicht vorhanden.,Lückenschluss,synthetisch
Keine sichere Route für Radfahrer in Stammersdorf.,Lückenschluss,synthetisch
Verbindung vom Grünen Prater zum Nordbahnhof fehlt.,Lückenschluss,synthetisch
Radweg auf der Favoritenstraße endet zu früh.,Lückenschluss,synthetisch
Fehlende Verbindung zwischen Radroute 14 und Westbahnhof.,Lückenschluss,synthetisch
Kein Radweg auf der Gürtelstrecke im Bereich Ottakring.,Lückenschluss,synthetisch
Schnittstelle zwischen Hauptradrouten nicht ausgebaut.,Lückenschluss,synthetisch
Radweg in der Liesing endet ohne Anschluss.,Lückenschluss,synthetisch
Kreuzung Gumpendorfer Straße – Autos ignorieren Radfahrer beim Abbiegen.,Gefahrenstelle,synthetisch
Schlechte Sicht beim Ausfahren aus der Tiefgarage auf den Radweg.,Gefahrenstelle,synthetisch
Radweg endet direkt vor einer ungesicherten Kreuzung.,Gefahrenstelle,synthetisch
Lastwagen halten auf dem Radstreifen und zwingen Radfahrer auf Fahrbahn.,Gefahrenstelle,synthetisch
Gefährliche Situation beim Einfahren in die Unterführung.,Gefahrenstelle,synthetisch
Keine Trennung zwischen Rad- und Fußgängerweg auf stark frequentierter Route.,Gefahrenstelle,synthetisch
Autofahrer sehen Radfahrer nicht beim Abbiegen aus Parkgarage.,Gefahrenstelle,synthetisch
Überholmanöver von Bussen auf der Praterstraße zu knapp.,Gefahrenstelle,synthetisch
Blinder Fleck beim Abbiegen in die Nebenstraße.,Gefahrenstelle,synthetisch
Radfahrer müssen zwischen Straßenbahngleisen fahren – sehr gefährlich.,Gefahrenstelle,synthetisch
Kreuzung ohne Sichtlinie für Radfahrer die aus der Einbahn kommen.,Gefahrenstelle,synthetisch
PKW fahren auf dem Radweg in der Begegnungszone.,Gefahrenstelle,synthetisch
Gefährliche Situation durch Fußgänger die plötzlich auf Radweg treten.,Gefahrenstelle,synthetisch
Radfahrer werden von Straßenbahn knapp überholt.,Gefahrenstelle,synthetisch
Keine Schutzmaßnahme für Radfahrer bei Baustellen-Umleitung.,Gefahrenstelle,synthetisch
Überholverbot ignoriert – Autos fahren gefährlich nah vorbei.,Gefahrenstelle,synthetisch
Radweg führt direkt in eine unübersichtliche Einfahrt.,Gefahrenstelle,synthetisch
Lieferwagen blockieren regelmäßig die Sicht an der Kreuzung.,Gefahrenstelle,synthetisch
Gefährliches Kopfsteinpflaster auf stark befahrenem Radweg.,Gefahrenstelle,synthetisch
Einmündung ohne Vorrangregelung für Radfahrer.,Gefahrenstelle,synthetisch
Kreuzung bei der Votivkirche – Autos und Radfahrer kollidieren oft.,Gefahrenstelle,synthetisch
Radfahrer werden beim Rechtsabbiegen von Autos geschnitten.,Gefahrenstelle,synthetisch
Starker Gegenverkehr auf zu schmalem gemeinsamen Geh-Radweg.,Gefahrenstelle,synthetisch
Dunkle Passage ohne Beleuchtung – Gefahr für Radfahrer.,Gefahrenstelle,synthetisch
Autofahrer missachten Vorrang der Radfahrer an der Kreuzung.,Gefahrenstelle,synthetisch
Radstreifen führt direkt in Türöffnungsbereich geparkter Autos.,Gefahrenstelle,synthetisch
Unbeleuchteter Bereich auf dem Radweg im Herbst gefährlich.,Gefahrenstelle,synthetisch
Fußgänger queren Radweg ohne zu schauen am Schwedenplatz.,Gefahrenstelle,synthetisch
Radfahrer werden beim Linksabbiegen übersehen.,Gefahrenstelle,synthetisch
Kreuzung am Praterstern – hohes Unfallrisiko für Radfahrer.,Gefahrenstelle,synthetisch
Fahrbahn nach Regen sehr glitschig – Sturzgefahr.,Gefahrenstelle,synthetisch
Autos parken auf Schutzweg und blockieren Sicht.,Gefahrenstelle,synthetisch
Radweg führt direkt über Straßenbahnschienen – rutschig.,Gefahrenstelle,synthetisch
Ungesicherte Einfahrt zu Supermarkt kreuzt Radweg.,Gefahrenstelle,synthetisch
Kein Sicherheitsabstand beim Überholen durch Busse.,Gefahrenstelle,synthetisch
Radfahrer müssen bei Grün abbiegen obwohl Autos noch fahren.,Gefahrenstelle,synthetisch
Gefährliche Engstelle durch Bauzaun auf Radweg.,Gefahrenstelle,synthetisch
Kreuzung nach Umbau für Radfahrer unübersichtlicher als vorher.,Gefahrenstelle,synthetisch
Zu schmaler Radweg bei der Brücke über den Wienfluss.,Gefahrenstelle,synthetisch
Radfahrer müssen auf Gehweg ausweichen wegen Bauarbeiten.,Gefahrenstelle,synthetisch
Schiene ragt aus Boden heraus – Sturzgefahr.,Gefahrenstelle,synthetisch
Kreuzung beim Stadtpark ohne ausreichende Wartebereich für Radfahrer.,Gefahrenstelle,synthetisch
Autofahrer biegen in falsche Richtung ab und kommen entgegen.,Gefahrenstelle,synthetisch
Keine Schutzzone beim Türöffnen in der Begegnungszone.,Gefahrenstelle,synthetisch
Taxistand direkt am Beginn des Radwegs.,Gefahrenstelle,synthetisch
Radfahrer werden beim Einfahren in Kreisverkehr übersehen.,Gefahrenstelle,synthetisch
Zu schnelle Autos auf der Rampe beim Parlamentsring.,Gefahrenstelle,synthetisch
Radweg endet bei Baustelle ohne Warnung.,Gefahrenstelle,synthetisch
Überholmanöver gefährlich nah am Donaukanal.,Gefahrenstelle,synthetisch
Schlechte Sicht durch falsch geparkten LKW an der Kreuzung.,Gefahrenstelle,synthetisch
Radfahrer müssen Kreuzung ohne Ampelregelung queren.,Gefahrenstelle,synthetisch
Gehweg und Radweg enden gleichzeitig – wohin jetzt?,Gefahrenstelle,synthetisch
Falschfahrer in der Einbahn ohne Fahrrad-Ausnahme.,Gefahrenstelle,synthetisch
Kreuzung Gürtel – Autos fahren bei Orange noch durch.,Gefahrenstelle,synthetisch
Radweg direkt neben Bushaltestelle – gefährliche Situation.,Gefahrenstelle,synthetisch
Hohe Bordsteinkante beim Übergang auf den Radweg.,Gefahrenstelle,synthetisch
Autos ignorieren Bodenmarkierung des Radwegs.,Gefahrenstelle,synthetisch
Fußgängerzone wird von Autos trotz Verbot befahren.,Gefahrenstelle,synthetisch
Einbahnregelung unklar – Gegenverkehr auf dem Radweg.,Gefahrenstelle,synthetisch
Radfahrer werden beim Queren der Abbiegespur übersehen.,Gefahrenstelle,synthetisch
Große Pfütze nach Starkregen – Radweg komplett überflutet.,Hindernis,synthetisch
Straßenschäden nach Kanalreparatur nicht behoben.,Hindernis,synthetisch
Herausstehende Bolzen auf dem Radweg nach Bauarbeiten.,Hindernis,synthetisch
Papiermüll vom Wochenmarkt auf dem Radstreifen.,Hindernis,synthetisch
Scherben nach nächtlichem Vandalismus auf dem Radweg.,Hindernis,synthetisch
Starke Unebenheiten durch Wurzeln unter dem Asphalt.,Hindernis,synthetisch
Kabelstrang quer über den Radweg gespannt.,Hindernis,synthetisch
Poller zu eng gesetzt – Lastenräder kommen nicht durch.,Hindernis,synthetisch
Sandsäcke vom letzten Hochwasser noch nicht entfernt.,Hindernis,synthetisch
Straßenmarkierungsmaschine hat Farbe auf Radweg verschüttet.,Hindernis,synthetisch
Eiszapfen von Dach fallen auf Radweg.,Hindernis,synthetisch
Falsch abgestellte E-Scooter blockieren den Radweg.,Hindernis,synthetisch
Belagschäden durch Wurzeln nahe der Allee.,Hindernis,synthetisch
Gerüstbefestigung ragt in Fahrbahn hinein.,Hindernis,synthetisch
Straßenbauarbeiten – Schotter auf dem Radstreifen.,Hindernis,synthetisch
Rollcontainer vom Supermarkt auf Radweg abgestellt.,Hindernis,synthetisch
Tiefer Riss quer über den Radweg nach Frostperiode.,Hindernis,synthetisch
Straßenlaterne falsch positioniert – blockiert Durchfahrt.,Hindernis,synthetisch
Absperrgitter nach Veranstaltung stehen noch auf Radweg.,Hindernis,synthetisch
Übergehendes Wasser aus Kanalisation auf Radweg.,Hindernis,synthetisch
Baustellen-WC auf dem Radstreifen aufgestellt.,Hindernis,synthetisch
Bretter von der Fassadenrenovierung auf Radweg.,Hindernis,synthetisch
Lieferwagen steht täglich auf Radstreifen beim Bäcker.,Hindernis,synthetisch
Defekter Kanaldeckel ragt über Fahrbahnniveau.,Hindernis,synthetisch
Schotter von der Böschung auf dem Radweg.,Hindernis,synthetisch
E-Bike Ladestation falsch platziert – versperrt Weg.,Hindernis,synthetisch
Schwere Regenrinne nach Sturm auf Fahrbahn.,Hindernis,synthetisch
Tiefes Schlagloch im Kurvenbereich – schwer sichtbar.,Hindernis,synthetisch
Rollrasen-Reste nach Parkumgestaltung auf Radweg.,Hindernis,synthetisch
Straßenfeger hat Kehricht auf Radstreifen geschoben.,Hindernis,synthetisch
Gehwegplatten nach Arbeiten auf Radweg gestapelt.,Hindernis,synthetisch
Schnee von Einfahrt auf Radweg geworfen – Eisfläche.,Hindernis,synthetisch
Großes Loch im Belag nach Wasserleitungsbruch.,Hindernis,synthetisch
Zeitung-Verteiler hat Pakete auf Radstreifen gelegt.,Hindernis,synthetisch
Betonmixer hat Reste auf Radweg hinterlassen.,Hindernis,synthetisch
Herabgefallene Dachziegel auf Radweg.,Hindernis,synthetisch
Gerüst-Fundamente ragen in Radstreifen.,Hindernis,synthetisch
Überhängende Äste auf Kopfhöhe des Radwegs.,Hindernis,synthetisch
Straßenbahn-Weichenbereich sehr rutschig bei Nässe.,Hindernis,synthetisch
Alte Gleise ragen aus dem Boden auf dem Radweg.,Hindernis,synthetisch
Bauzaun wurde verschoben und blockiert jetzt Radweg.,Hindernis,synthetisch
Rollstuhlrampe blockiert Durchfahrt auf schmalem Radweg.,Hindernis,synthetisch
Kies nach Gartenarbeiten auf dem Radstreifen.,Hindernis,synthetisch
Schneeräumfahrzeug hat Schneewall auf Radweg aufgetürmt.,Hindernis,synthetisch
Straßenschäden seit Monaten nicht repariert.,Hindernis,synthetisch
Holzpaletten vor dem Restaurant auf Radweg.,Hindernis,synthetisch
Abgesplitterter Randstein liegt auf dem Radweg.,Hindernis,synthetisch
Fahrbahnteiler ragt zu weit in Radweg hinein.,Hindernis,synthetisch
Werbetafel auf Radweg-Niveau aufgestellt.,Hindernis,synthetisch
Kanaldeckel fehlt – offene Grube auf dem Radweg.,Hindernis,synthetisch
Asphaltaufwölbung durch Hitzeschäden auf Radweg.,Hindernis,synthetisch
Straßenmarkierungen abgelöst – scharfe Kanten.,Hindernis,synthetisch
Schneereste nach Winterdienst gefroren auf Radweg.,Hindernis,synthetisch
Gerüst-Fundament ragt 30cm in den Radstreifen.,Hindernis,synthetisch
Müllcontainer wurde auf Radweg gestellt.,Hindernis,synthetisch
Baucontainer parkt seit Wochen auf Radstreifen.,Hindernis,synthetisch
Straße nach Veranstaltung nicht gereinigt – voller Müll.,Hindernis,synthetisch
Überfahrener Rucksack liegt seit Tagen auf Radweg.,Hindernis,synthetisch
Verrottetes Holz von der Brückenreparatur auf Radweg.,Hindernis,synthetisch
Kette von der Absperrung liegt auf Radway.,Hindernis,synthetisch
Einbahnregelung für Radfahrer nicht an der Ausfahrt markiert.,Markierung oder Schild,synthetisch
Zweirichtungsradweg ohne Markierung auf der Fahrbahn.,Markierung oder Schild,synthetisch
Fehlendes Schild für Radfahrer-Vorrang an der Querung.,Markierung oder Schild,synthetisch
Kein Hinweis auf Radfahrverboten-Ende nach Tunnel.,Markierung oder Schild,synthetisch
Schutzweg-Markierung fehlt beim Radweg-Übergang.,Markierung oder Schild,synthetisch
Schilder für Einbahn-Öffnung nur auf einer Seite.,Markierung oder Schild,synthetisch
Radfahrstreifen ohne Piktogramm auf neuer Strecke.,Markierung oder Schild,synthetisch
Kein Hinweisschild auf Radweg-Umleitung.,Markierung oder Schild,synthetisch
Tempobeschränkung für Radfahrer in Fußgängerzone fehlt.,Markierung oder Schild,synthetisch
Radweg-Beginn nicht klar markiert nach Kreuzung.,Markierung oder Schild,synthetisch
Fehlende Kennzeichnung des gemeinsamen Geh-Radwegs.,Markierung oder Schild,synthetisch
Kein Schild für Radfahrer-Zufahrt zu Parkanlage.,Markierung oder Schild,synthetisch
Abbiegeschild für Radfahrer fehlt an der Hauptroute.,Markierung oder Schild,synthetisch
Alte Bodenmarkierung unklar nach Straßenrenovierung.,Markierung oder Schild,synthetisch
Radfahrer-Piktogramm auf Fahrbahn fehlt nach Reparatur.,Markierung oder Schild,synthetisch
Beschilderung nach Umbau des Kreuzungsbereichs fehlt.,Markierung oder Schild,synthetisch
Kein Hinweis auf Radfahrer-Gegenverkehr in Einbahn.,Markierung oder Schild,synthetisch
Schilder widersprechen sich an dieser Stelle.,Markierung oder Schild,synthetisch
Querungsmarkierung für Radfahrer fehlt.,Markierung oder Schild,synthetisch
Fehlende Radfahrer-Ausnahme bei Zufahrtsverbot.,Markierung oder Schild,synthetisch
Kein Schild für Radroute nach Abzweigung.,Markierung oder Schild,synthetisch
Tempo-20-Schild für Fußgängerzone nicht für Radfahrer.,Markierung oder Schild,synthetisch
Markierung der Radfahrer-Aufstellfläche fehlt.,Markierung oder Schild,synthetisch
Hinweis auf Radweg-Ende vor Einmündung fehlt.,Markierung oder Schild,synthetisch
Kein Vorrang-Schild für Radfahrer an Hauptroute.,Markierung oder Schild,synthetisch
Zebrastreifen ohne Radfahrer-Fahrradüberfahrt markiert.,Markierung oder Schild,synthetisch
Beschilderung für Shared-Space ohne Radfahrer-Symbol.,Markierung oder Schild,synthetisch
Kein Schild für erlaubtes Radfahren in Fußgängerzone.,Markierung oder Schild,synthetisch
Bodenmarkierung verdeckt durch Falschparker.,Markierung oder Schild,synthetisch
Fehlende Markierung bei Fahrradstraße.,Markierung oder Schild,synthetisch
Radfahrer-Ausnahme bei Fahrverbot nicht sichtbar.,Markierung oder Schild,synthetisch
Kein Piktogramm am Ende des Radstreifens.,Markierung oder Schild,synthetisch
Schild für Radweg-Zufahrt fehlt an der Hauptstraße.,Markierung oder Schild,synthetisch
Bodenmarkierung nach Asphaltierung nicht erneuert.,Markierung oder Schild,synthetisch
Radfahrer-Gegenverkehr nicht beschildert in Einbahn.,Markierung oder Schild,synthetisch
Kein Hinweis auf wartepflichtigen Radweg.,Markierung oder Schild,synthetisch
Fehlendes Halte-Verbot auf Radweg.,Markierung oder Schild,synthetisch
Markierung für Radfahrer-Überführung fehlt.,Markierung oder Schild,synthetisch
Schild für Lastenrad-Zufahrt nicht vorhanden.,Markierung oder Schild,synthetisch
Ausnahme für Radfahrer auf Fußgänger-Schild fehlt.,Markierung oder Schild,synthetisch
Radweg-Schild nach Kreuzung fehlt.,Markierung oder Schild,synthetisch
Überholverbot für Autos neben Radweg fehlt.,Markierung oder Schild,synthetisch
Schild für Radroute nach Renovierung nicht ersetzt.,Markierung oder Schild,synthetisch
Kein Fahrradpiktogramm auf neuem Bodenbelag.,Markierung oder Schild,synthetisch
Radfahrer-Ausfahrt nicht beschildert.,Markierung oder Schild,synthetisch
Fehlende Pfeile für Radfahrer-Führung an Kreuzung.,Markierung oder Schild,synthetisch
Beschilderung nach Straßenbahn-Umbau nicht angepasst.,Markierung oder Schild,synthetisch
Kein Hinweis auf Radfahrer-Pflichtweg.,Markierung oder Schild,synthetisch
Radweg-Priorität nicht durch Schild erkennbar.,Markierung oder Schild,synthetisch
Bodenmarkierung verblasst nach erstem Winter.,Markierung oder Schild,synthetisch
Kein Schild für Fahrrad-Gegenverkehr in Sackgasse.,Markierung oder Schild,synthetisch
Wegweiser für Radroute zeigt falsche Entfernung.,Markierung oder Schild,synthetisch
Radweg-Symbol fehlt bei neuer Unterführung.,Markierung oder Schild,synthetisch
Kein Abbiegepfeil für Radfahrer an Abzweigung.,Markierung oder Schild,synthetisch
Fahrbahnmarkierung für Radfahrer nach Regen kaum sichtbar.,Markierung oder Schild,synthetisch
Beschilderung beim Radweg-Beginn fehlt komplett.,Markierung oder Schild,synthetisch
Kein Schild für Radfahrer-Übergang über Hauptstraße.,Markierung oder Schild,synthetisch
Hinweis auf Gefahrenstelle für Radfahrer fehlt.,Markierung oder Schild,synthetisch
Bodenmarkierung zu schmal für Radstreifen.,Markierung oder Schild,synthetisch
Schild für Radroute nach Umbau falsch aufgestellt.,Markierung oder Schild,synthetisch
Radfahrer-Ampel nach Sturm nicht repariert.,Ampel,synthetisch
Grünphase für Radfahrer endet bevor Kreuzung überquert.,Ampel,synthetisch
Ampelanlage erkennt E-Bike nicht als Radfahrer.,Ampel,synthetisch
Radampel zeigt Grün obwohl Autos noch abbiegen.,Ampel,synthetisch
Bedarfsampel schaltet auch bei keinem Fußgänger auf Rot.,Ampel,synthetisch
Ampelphase für Radfahrer bei der Ringstraße zu kurz.,Ampel,synthetisch
Separate Radfahrer-Ampel fehlt an neuer Kreuzung.,Ampel,synthetisch
Ampel für Radfahrer nicht mit Fußgänger-Grün synchron.,Ampel,synthetisch
Induktionsschleife für Radfahrer seit Monaten defekt.,Ampel,synthetisch
Ampelphase zu kurz für Familien mit Kinderanhänger.,Ampel,synthetisch
Radfahrer-Vorampel nach Umbau nicht wieder installiert.,Ampel,synthetisch
Ampel zeigt gleichzeitig Grün für Autos und Radfahrer.,Ampel,synthetisch
Grünphase endet bevor Lastenrad Kreuzung überquert hat.,Ampel,synthetisch
Neue Ampelanlage ohne separate Phase für Radfahrer.,Ampel,synthetisch
Ampelschaltung bevorzugt Straßenbahn auf Kosten von Radfahrern.,Ampel,synthetisch
Radsignal nach Baustelle nicht mehr vorhanden.,Ampel,synthetisch
Ampelanlage schaltet nie auf Grün für Radfahrer.,Ampel,synthetisch
Zu lange Wartezeit an Bedarfsampel am Donaukanal.,Ampel,synthetisch
Ampelknopf für Radfahrer zu hoch montiert.,Ampel,synthetisch
Grünphase fehlt in einer Richtung an der Kreuzung.,Ampel,synthetisch
Ampelanlage nach Umbau falsch programmiert.,Ampel,synthetisch
Radfahrer-Ampel blinkt konstant – keine klare Phase.,Ampel,synthetisch
Ampel für Radfahrer nach Vandalismus nicht repariert.,Ampel,synthetisch
Grünpfeil für Rechtsabbieger-Radfahrer fehlt.,Ampel,synthetisch
Ampelschaltung berücksichtigt Zweirichtungsradweg nicht.,Ampel,synthetisch
Radfahrer-Ampel zu klein und schlecht sichtbar.,Ampel,synthetisch
Ampelanlage gibt Radfahrern keine eigene Phase.,Ampel,synthetisch
Wartezeit an Schulkreuzung für Radfahrer zu lang.,Ampel,synthetisch
Ampelknopf nach Bauarbeiten nicht mehr erreichbar.,Ampel,synthetisch
Radsignal schaltet auf Grün obwohl Fußgänger noch queren.,Ampel,synthetisch
Ampel für Radfahrer auf falschem Straßenabschnitt.,Ampel,synthetisch
Radampel ohne Countdown nicht rechtzeitig erkennbar.,Ampel,synthetisch
Grünphase für Radfahrer nachts nicht aktiviert.,Ampel,synthetisch
Ampelanlage reagiert nicht auf Radfahrer-Sensor.,Ampel,synthetisch
Neue Ampel ohne Berücksichtigung des Radwegs.,Ampel,synthetisch
Ampelphase endet zu früh für ältere Radfahrer.,Ampel,synthetisch
Radfahrer-Ampel zeigt anderes Signal als erwartet.,Ampel,synthetisch
Grünphase für Radfahrer kürzer nach letzter Änderung.,Ampel,synthetisch
Ampelanlage berücksichtigt Schulkinder nicht.,Ampel,synthetisch
Radsignal fehlt seit Kreuzungsumbau.,Ampel,synthetisch
Ampelschaltung lässt Radfahrer unnötig lange warten.,Ampel,synthetisch
Radfahrer-Ampel nach Beschädigung nicht ersetzt.,Ampel,synthetisch
Zu kurze Grünphase für Radfahrer mit Gepäck.,Ampel,synthetisch
Ampelanlage schaltet nicht auf Grün wenn kein Auto kommt.,Ampel,synthetisch
Sensor für Radfahrer unter Schnee begraben.,Ampel,synthetisch
Grünphase wird übersprungen wenn kein Fahrzeug wartet.,Ampel,synthetisch
Radampel am Gürtel öfters ausgefallen.,Ampel,synthetisch
Ampelanlage nicht für hohe Radfahrerfrequenz ausgelegt.,Ampel,synthetisch
Radsignal gibt zu wenig Zeit für sichere Überquerung.,Ampel,synthetisch
Ampel für Radfahrer bei der U4-Station fehlt.,Ampel,synthetisch
Grünphase für Radfahrer nicht mit Straßenbahn abgestimmt.,Ampel,synthetisch
Ampelanlage nach Reparatur noch schlechter als vorher.,Ampel,synthetisch
Bedarfsampel reagiert nicht auf Fahrrad-Druck.,Ampel,synthetisch
Radfahrer-Signal fehlt auf neuer Brücke.,Ampel,synthetisch
Ampelphase für Radfahrer bei der Tangente zu kurz.,Ampel,synthetisch
Schaltung bevorzugt Busverkehr gegenüber Radfahrern.,Ampel,synthetisch
Ampel am Ende der Unterführung schaltet zu selten.,Ampel,synthetisch
Radsignal nach Kreuzungsrenovierung nicht zurückgesetzt.,Ampel,synthetisch
Grünphase endet während Radfahrer noch in Kreuzung.,Ampel,synthetisch
Ampelanlage lässt Radfahrer bei Rot stehen obwohl frei.,Ampel,synthetisch
Fehlende Radwegverbindung zwischen Favoriten und Meidling.,Lückenschluss,synthetisch
Kein sicherer Radweg auf der Südosttangente.,Lückenschluss,synthetisch
Verbindung zwischen Radroute 4 und Donaukanal fehlt.,Lückenschluss,synthetisch
Kein Radweg auf der stark befahrenen Heiligenstädter Straße.,Lückenschluss,synthetisch
Lücke im Radnetz zwischen Floridsdorf und Kagran.,Lückenschluss,synthetisch
Fehlende Route entlang der Westbahn nach Penzing.,Lückenschluss,synthetisch
Verbindung Prater – Donauinsel für Radfahrer nicht vorhanden.,Lückenschluss,synthetisch
Kein Radweg auf der Laxenburger Straße stadteinwärts.,Lückenschluss,synthetisch
Unterbrechung der Hauptradroute durch Bahnanlage.,Lückenschluss,synthetisch
Fehlende Verbindung zwischen 10. und 11. Bezirk.,Lückenschluss,synthetisch
Kein Radweg auf der Bundesstraße vor der Stadtgrenze.,Lückenschluss,synthetisch
Verbindung vom Bahnhof Penzing zum Zentrum fehlt.,Lückenschluss,synthetisch
Radroute endet abrupt ohne Hinweis auf Alternative.,Lückenschluss,synthetisch
Fehlende Unterführung für Radfahrer unter der Bahn.,Lückenschluss,synthetisch
Kein Radweg entlang des Liesingbachs.,Lückenschluss,synthetisch
Verbindung zwischen Radroute 5 und U6 fehlt.,Lückenschluss,synthetisch
Fehlende Radwegführung durch das neue Stadtentwicklungsgebiet.,Lückenschluss,synthetisch
Kein sicherer Weg für Radfahrer über die Nordbrücke.,Lückenschluss,synthetisch
Verbindung Hütteldorf – Auhof für Radfahrer nicht vorhanden.,Lückenschluss,synthetisch
Fehlende Querverbindung im 22. Bezirk.,Lückenschluss,synthetisch
Kein Radweg auf der stark befahrenen Simmeringer Lände.,Lückenschluss,synthetisch
Verbindung zwischen Radweg und S-Bahn-Station fehlt.,Lückenschluss,synthetisch
Fehlende Route vom 23. Bezirk zur Innenstadt.,Lückenschluss,synthetisch
Kein Radweg auf dem Abschnitt Gürtel–Mariahilfer Straße.,Lückenschluss,synthetisch
Verbindung zwischen Hauptradroute und Bahnhof Meidling fehlt.,Lückenschluss,synthetisch
Fehlende Radwegführung durch den Kurpark Oberlaa.,Lückenschluss,synthetisch
Kein Radweg auf der Wagramer Straße in Floridsdorf.,Lückenschluss,synthetisch
Verbindung vom Donaukanal in den 20. Bezirk fehlt.,Lückenschluss,synthetisch
Fehlende Querung der Bahn für Radfahrer in Simmering.,Lückenschluss,synthetisch
Kein Radweg entlang der Stadtautobahn.,Lückenschluss,synthetisch
Verbindung zwischen Radroute 1 und Westbahnhof nicht vorhanden.,Lückenschluss,synthetisch
Fehlende Route durch das Areal des alten Nordbahnhofs.,Lückenschluss,synthetisch
Kein sicherer Radweg auf der Triester Straße.,Lückenschluss,synthetisch
Verbindung zwischen Radnetz Wien und Niederösterreich fehlt.,Lückenschluss,synthetisch
Fehlende Radwegquerung über die Donau im 21. Bezirk.,Lückenschluss,synthetisch
Kein Radweg auf der Stadteinfahrt von Süden.,Lückenschluss,synthetisch
Verbindung vom Schönbrunner Schlosspark zur Innenstadt fehlt.,Lückenschluss,synthetisch
Fehlende Unterquerung der Stadtautobahn für Radfahrer.,Lückenschluss,synthetisch
Kein Radweg auf der Breitenleer Straße.,Lückenschluss,synthetisch
Verbindung zwischen Radroute 9 und U3 nicht vorhanden.,Lückenschluss,synthetisch
Fehlende Radwegführung entlang des Wienflusses.,Lückenschluss,synthetisch
Kein sicherer Weg für Radfahrer durch das Werksgelände.,Lückenschluss,synthetisch
Verbindung Favoriten–Schwechat für Pendler-Radfahrer fehlt.,Lückenschluss,synthetisch
Fehlende Route entlang der Asperner Straße.,Lückenschluss,synthetisch
Kein Radweg auf der Groß-Enzersdorfer Straße.,Lückenschluss,synthetisch
Verbindung zwischen Radnetz und Flughafen nicht vorhanden.,Lückenschluss,synthetisch
Fehlende Radwegführung durch das Stadtentwicklungsgebiet Seestadt.,Lückenschluss,synthetisch
Kein sicherer Radweg auf der Langobardenstraße.,Lückenschluss,synthetisch
Verbindung zwischen Radroute 11 und Donaustadtbrücke fehlt.,Lückenschluss,synthetisch
Fehlende Route vom Kagran zur Donauinsel.,Lückenschluss,synthetisch
Kein Radweg auf dem Abschnitt Floridsdorf–Stammersdorf.,Lückenschluss,synthetisch
Verbindung zwischen Radnetz und Vösendorf fehlt.,Lückenschluss,synthetisch
Fehlende Unterquerung des Gürtels für Radfahrer.,Lückenschluss,synthetisch
Kein sicherer Radweg auf der Pellendorfer Straße.,Lückenschluss,synthetisch
Verbindung Favoriten–Laxenburg für Radfahrer nicht ausgebaut.,Lückenschluss,synthetisch
Fehlende Radwegführung durch den Böhmischen Prater.,Lückenschluss,synthetisch
Kein Radweg auf der Hausfelgasse in Kagran.,Lückenschluss,synthetisch
Verbindung zwischen Hauptradroute und Spital fehlt.,Lückenschluss,synthetisch
Fehlende Route durch das Gewerbegebiet Inzersdorf.,Lückenschluss,synthetisch
Kein sicherer Radweg auf der Leopoldauer Straße.,Lückenschluss,synthetisch
